start_at,symbol,period,open,high,low,close
1582934400,ETHUSD,1,227.3,227.78,227.15,227.67
1582934460,ETHUSD,1,227.67,228.12,227.67,228.12
1582934520,ETHUSD,1,228.12,228.54,228.12,228.54
1582934580,ETHUSD,1,228.54,228.98,228.54,228.98
1582934640,ETHUSD,1,228.98,229.24,228.67,228.99
1582934700,ETHUSD,1,228.99,229.05,228.8,228.99
1582934760,ETHUSD,1,228.99,229.01,228.9,228.95
1582934820,ETHUSD,1,228.95,229.02,228.95,228.99
1582934880,ETHUSD,1,228.99,229.01,228.83,228.83
1582934940,ETHUSD,1,228.83,229.42,228.83,229.28
1582935000,ETHUSD,1,229.28,229.31,228.92,229.31
1582935060,ETHUSD,1,229.31,229.55,229.31,229.49
1582935120,ETHUSD,1,229.49,229.49,229.11,229.21
1582935180,ETHUSD,1,229.21,229.73,229.21,229.63
1582935240,ETHUSD,1,229.63,229.65,229.46,229.59
1582935300,ETHUSD,1,229.59,229.71,229.57,229.71
1582935360,ETHUSD,1,229.71,229.91,229.64,229.76
1582935420,ETHUSD,1,229.76,229.8,229.5,229.8
1582935480,ETHUSD,1,229.8,229.85,229.8,229.85
1582935540,ETHUSD,1,229.85,229.98,229.82,229.88
1582935600,ETHUSD,1,229.88,229.94,229.75,229.94
1582935660,ETHUSD,1,229.94,230.13,229.94,230.04
1582935720,ETHUSD,1,230.04,230.31,230.04,230.31
1582935780,ETHUSD,1,230.31,230.31,230.0,230.24
1582935840,ETHUSD,1,230.24,230.39,230.17,230.3
1582935900,ETHUSD,1,230.3,230.52,230.3,230.48
1582935960,ETHUSD,1,230.48,231.06,230.48,230.95
1582936020,ETHUSD,1,230.95,231.03,230.63,230.72
1582936080,ETHUSD,1,230.72,230.72,230.53,230.53
1582936140,ETHUSD,1,230.53,230.53,230.21,230.21
1582936200,ETHUSD,1,230.21,230.54,230.13,230.54
1582936260,ETHUSD,1,230.54,230.55,230.42,230.47
1582936320,ETHUSD,1,230.47,231.49,230.47,231.27
1582936380,ETHUSD,1,231.27,231.61,231.27,231.41
1582936440,ETHUSD,1,231.41,231.58,231.41,231.55
1582936500,ETHUSD,1,231.55,231.99,231.55,231.99
1582936560,ETHUSD,1,231.99,232.2,231.86,231.86
1582936620,ETHUSD,1,231.86,231.91,231.67,231.69
1582936680,ETHUSD,1,231.69,231.87,231.67,231.67
1582936740,ETHUSD,1,231.67,231.67,231.18,231.31
1582936800,ETHUSD,1,231.31,231.59,231.25,231.27
1582936860,ETHUSD,1,231.27,231.56,231.24,231.44
1582936920,ETHUSD,1,231.44,231.55,231.44,231.44
1582936980,ETHUSD,1,231.44,231.44,231.16,231.2
1582937040,ETHUSD,1,231.2,231.2,231.07,231.09
1582937100,ETHUSD,1,231.09,231.2,230.99,231.19
1582937160,ETHUSD,1,231.19,231.53,231.19,231.43
1582937220,ETHUSD,1,231.43,231.43,231.14,231.14
1582937280,ETHUSD,1,231.14,231.14,230.76,230.76
1582937340,ETHUSD,1,230.76,230.76,230.35,230.4
1582937400,ETHUSD,1,230.4,230.43,230.27,230.28
1582937460,ETHUSD,1,230.28,230.47,230.28,230.46
1582937520,ETHUSD,1,230.46,230.46,230.41,230.41
1582937580,ETHUSD,1,230.41,230.41,230.37,230.37
1582937640,ETHUSD,1,230.37,230.54,230.22,230.53
1582937700,ETHUSD,1,230.53,230.53,230.39,230.51
1582937760,ETHUSD,1,230.51,230.82,230.51,230.63
1582937820,ETHUSD,1,230.63,230.68,230.52,230.52
1582937880,ETHUSD,1,230.52,230.54,230.18,230.18
1582937940,ETHUSD,1,230.18,230.19,229.82,229.82
1582938000,ETHUSD,1,229.82,230.16,229.82,230.12
1582938060,ETHUSD,1,230.12,230.69,230.11,230.69
1582938120,ETHUSD,1,230.69,230.71,230.54,230.55
1582938180,ETHUSD,1,230.55,230.67,230.54,230.57
1582938240,ETHUSD,1,230.57,230.67,230.56,230.67
1582938300,ETHUSD,1,230.67,230.95,230.67,230.75
1582938360,ETHUSD,1,230.75,231.0,230.75,230.97
1582938420,ETHUSD,1,230.97,230.97,230.88,230.88
1582938480,ETHUSD,1,230.88,230.88,230.7,230.83
1582938540,ETHUSD,1,230.83,230.83,230.7,230.77
1582938600,ETHUSD,1,230.77,230.77,230.54,230.54
1582938660,ETHUSD,1,230.54,230.56,230.25,230.25
1582938720,ETHUSD,1,230.25,230.25,230.02,230.03
1582938780,ETHUSD,1,230.03,230.03,229.7,229.92
1582938840,ETHUSD,1,229.92,229.92,229.44,229.44
1582938900,ETHUSD,1,229.44,229.44,229.06,229.2
1582938960,ETHUSD,1,229.2,229.48,229.17,229.48
1582939020,ETHUSD,1,229.48,229.48,229.28,229.32
1582939080,ETHUSD,1,229.32,229.47,229.18,229.47
1582939140,ETHUSD,1,229.47,229.57,229.41,229.52
1582939200,ETHUSD,1,229.52,229.53,229.4,229.4
1582939260,ETHUSD,1,229.4,229.51,229.33,229.47
1582939320,ETHUSD,1,229.47,229.5,229.39,229.39
1582939380,ETHUSD,1,229.39,229.53,229.18,229.52
1582939440,ETHUSD,1,229.52,229.52,229.24,229.27
1582939500,ETHUSD,1,229.27,229.27,229.19,229.21
1582939560,ETHUSD,1,229.21,229.22,229.2,229.2
1582939620,ETHUSD,1,229.2,229.2,228.77,228.77
1582939680,ETHUSD,1,228.77,228.77,228.27,228.41
1582939740,ETHUSD,1,228.41,228.57,228.17,228.32
1582939800,ETHUSD,1,228.32,228.32,227.97,227.97
1582939860,ETHUSD,1,227.97,228.04,227.66,227.83
1582939920,ETHUSD,1,227.83,228.08,227.59,227.67
1582939980,ETHUSD,1,227.67,227.97,227.67,227.85
1582940040,ETHUSD,1,227.85,227.96,227.74,227.74
1582940100,ETHUSD,1,227.74,228.01,227.66,228.01
1582940160,ETHUSD,1,228.01,228.37,228.01,228.36
1582940220,ETHUSD,1,228.36,228.37,228.09,228.36
1582940280,ETHUSD,1,228.36,228.38,228.27,228.27
1582940340,ETHUSD,1,228.27,228.48,228.2,228.48
1582940400,ETHUSD,1,228.48,229.16,228.48,229.15
1582940460,ETHUSD,1,229.15,229.17,228.8,228.94
1582940520,ETHUSD,1,228.94,229.14,228.86,229.14
1582940580,ETHUSD,1,229.14,229.19,229.12,229.16
1582940640,ETHUSD,1,229.16,229.43,229.02,229.02
1582940700,ETHUSD,1,229.02,229.21,228.95,229.14
1582940760,ETHUSD,1,229.14,229.24,229.14,229.18
1582940820,ETHUSD,1,229.18,229.24,229.08,229.08
1582940880,ETHUSD,1,229.08,229.09,229.01,229.01
1582940940,ETHUSD,1,229.01,229.11,228.98,229.0
1582941000,ETHUSD,1,229.0,229.0,228.7,228.71
1582941060,ETHUSD,1,228.71,228.71,228.43,228.56
1582941120,ETHUSD,1,228.56,228.56,228.36,228.4
1582941180,ETHUSD,1,228.4,228.4,227.92,228.16
1582941240,ETHUSD,1,228.16,228.3,228.09,228.23
1582941300,ETHUSD,1,228.23,228.29,228.06,228.07
1582941360,ETHUSD,1,228.07,228.07,228.0,228.0
1582941420,ETHUSD,1,228.0,228.1,227.83,228.1
1582941480,ETHUSD,1,228.1,228.18,227.92,227.92
1582941540,ETHUSD,1,227.92,227.93,227.46,227.46
1582941600,ETHUSD,1,227.46,227.46,227.29,227.37
1582941660,ETHUSD,1,227.37,227.5,227.23,227.32
1582941720,ETHUSD,1,227.32,227.64,227.23,227.53
1582941780,ETHUSD,1,227.53,228.04,227.53,228.04
1582941840,ETHUSD,1,228.04,228.1,228.04,228.1
1582941900,ETHUSD,1,228.1,228.11,227.92,227.94
1582941960,ETHUSD,1,227.94,227.94,227.82,227.82
1582942020,ETHUSD,1,227.82,227.88,227.79,227.88
1582942080,ETHUSD,1,227.88,227.88,227.8,227.8
1582942140,ETHUSD,1,227.8,227.92,227.8,227.9
1582942200,ETHUSD,1,227.9,227.9,227.8,227.8
1582942260,ETHUSD,1,227.8,227.86,227.62,227.86
1582942320,ETHUSD,1,227.86,228.01,227.84,228.01
1582942380,ETHUSD,1,228.01,228.43,228.01,228.28
1582942440,ETHUSD,1,228.28,228.6,228.28,228.6
1582942500,ETHUSD,1,228.6,228.68,228.57,228.57
1582942560,ETHUSD,1,228.57,228.78,228.57,228.78
1582942620,ETHUSD,1,228.78,229.19,228.78,229.19
1582942680,ETHUSD,1,229.19,229.39,229.19,229.38
1582942740,ETHUSD,1,229.38,229.39,229.28,229.36
1582942800,ETHUSD,1,229.36,229.52,229.36,229.52
1582942860,ETHUSD,1,229.52,229.59,229.52,229.57
1582942920,ETHUSD,1,229.57,229.9,229.57,229.9
1582942980,ETHUSD,1,229.9,230.22,229.9,230.08
1582943040,ETHUSD,1,230.08,230.18,230.0,230.0
1582943100,ETHUSD,1,230.0,230.0,229.64,229.7
1582943160,ETHUSD,1,229.7,229.98,229.69,229.91
1582943220,ETHUSD,1,229.91,229.91,229.7,229.74
1582943280,ETHUSD,1,229.74,229.97,229.74,229.95
1582943340,ETHUSD,1,229.95,229.96,229.89,229.89
1582943400,ETHUSD,1,229.89,229.94,229.74,229.82
1582943460,ETHUSD,1,229.82,229.82,229.24,229.24
1582943520,ETHUSD,1,229.24,229.29,229.16,229.23
1582943580,ETHUSD,1,229.23,229.29,229.15,229.17
1582943640,ETHUSD,1,229.17,229.2,229.1,229.1
1582943700,ETHUSD,1,229.1,229.15,229.1,229.14
1582943760,ETHUSD,1,229.14,229.74,229.13,229.74
1582943820,ETHUSD,1,229.74,229.76,229.63,229.65
1582943880,ETHUSD,1,229.65,229.65,229.52,229.6
1582943940,ETHUSD,1,229.6,229.6,229.53,229.53
1582944000,ETHUSD,1,229.53,229.54,229.35,229.35
1582944060,ETHUSD,1,229.35,229.52,229.25,229.37
1582944120,ETHUSD,1,229.37,229.38,229.1,229.29
1582944180,ETHUSD,1,229.29,229.29,229.19,229.23
1582944240,ETHUSD,1,229.23,229.23,229.01,229.02
1582944300,ETHUSD,1,229.02,229.02,228.53,228.53
1582944360,ETHUSD,1,228.53,228.69,228.42,228.65
1582944420,ETHUSD,1,228.65,228.65,228.44,228.44
1582944480,ETHUSD,1,228.44,228.63,228.43,228.43
1582944540,ETHUSD,1,228.43,228.43,228.24,228.35
1582944600,ETHUSD,1,228.35,228.41,228.1,228.41
1582944660,ETHUSD,1,228.41,228.41,228.24,228.26
1582944720,ETHUSD,1,228.26,228.32,228.25,228.31
1582944780,ETHUSD,1,228.31,229.08,228.3,229.08
1582944840,ETHUSD,1,229.08,229.38,229.08,229.26
1582944900,ETHUSD,1,229.26,229.68,229.25,229.37
1582944960,ETHUSD,1,229.37,229.37,229.25,229.3
1582945020,ETHUSD,1,229.3,229.48,229.25,229.41
1582945080,ETHUSD,1,229.41,229.53,229.41,229.42
1582945140,ETHUSD,1,229.42,229.42,229.32,229.35
1582945200,ETHUSD,1,229.35,229.6,229.29,229.6
1582945260,ETHUSD,1,229.6,229.8,229.6,229.8
1582945320,ETHUSD,1,229.8,229.91,229.75,229.86
1582945380,ETHUSD,1,229.86,230.09,229.86,230.09
1582945440,ETHUSD,1,230.09,230.14,229.98,230.11
1582945500,ETHUSD,1,230.11,230.58,230.11,230.52
1582945560,ETHUSD,1,230.52,230.6,230.23,230.23
1582945620,ETHUSD,1,230.23,230.36,230.21,230.29
1582945680,ETHUSD,1,230.29,230.36,230.16,230.21
1582945740,ETHUSD,1,230.21,230.39,230.21,230.39
1582945800,ETHUSD,1,230.39,230.39,230.22,230.35
1582945860,ETHUSD,1,230.35,230.35,230.26,230.27
1582945920,ETHUSD,1,230.27,230.5,230.03,230.5
1582945980,ETHUSD,1,230.5,230.5,230.14,230.19
1582946040,ETHUSD,1,230.19,230.32,230.19,230.2
1582946100,ETHUSD,1,230.2,230.21,230.06,230.06
1582946160,ETHUSD,1,230.06,230.06,229.64,229.85
1582946220,ETHUSD,1,229.85,229.85,229.63,229.83
1582946280,ETHUSD,1,229.83,229.83,229.61,229.66
1582946340,ETHUSD,1,229.66,229.89,229.66,229.79
1582946400,ETHUSD,1,229.79,229.82,229.7,229.79
1582946460,ETHUSD,1,229.79,229.79,229.61,229.61
1582946520,ETHUSD,1,229.61,229.84,229.58,229.84
1582946580,ETHUSD,1,229.84,229.84,229.53,229.53
1582946640,ETHUSD,1,229.53,229.53,229.27,229.33
1582946700,ETHUSD,1,229.33,229.33,228.91,228.99
1582946760,ETHUSD,1,228.99,229.12,228.81,229.12
1582946820,ETHUSD,1,229.12,229.12,228.85,228.89
1582946880,ETHUSD,1,228.89,229.11,228.89,229.05
1582946940,ETHUSD,1,229.05,229.16,229.05,229.16
1582947000,ETHUSD,1,229.16,229.37,229.16,229.34
1582947060,ETHUSD,1,229.34,229.34,229.09,229.09
1582947120,ETHUSD,1,229.09,229.09,228.75,229.01
1582947180,ETHUSD,1,229.01,229.01,228.8,228.8
1582947240,ETHUSD,1,228.8,228.8,228.62,228.79
1582947300,ETHUSD,1,228.79,228.79,228.68,228.74
1582947360,ETHUSD,1,228.74,228.79,228.62,228.79
1582947420,ETHUSD,1,228.79,228.79,228.46,228.46
1582947480,ETHUSD,1,228.46,228.59,228.26,228.26
1582947540,ETHUSD,1,228.26,228.82,228.26,228.7
1582947600,ETHUSD,1,228.7,229.05,228.69,229.02
1582947660,ETHUSD,1,229.02,229.39,228.98,229.39
1582947720,ETHUSD,1,229.39,229.66,229.39,229.66
1582947780,ETHUSD,1,229.66,229.69,229.44,229.53
1582947840,ETHUSD,1,229.53,229.78,229.53,229.78
1582947900,ETHUSD,1,229.78,229.78,229.6,229.7
1582947960,ETHUSD,1,229.7,229.7,229.57,229.65
1582948020,ETHUSD,1,229.65,229.68,229.58,229.68
1582948080,ETHUSD,1,229.68,229.74,229.67,229.67
1582948140,ETHUSD,1,229.67,229.67,229.54,229.54
1582948200,ETHUSD,1,229.54,229.59,229.47,229.59
1582948260,ETHUSD,1,229.59,230.13,229.59,229.97
1582948320,ETHUSD,1,229.97,230.18,229.97,230.01
1582948380,ETHUSD,1,230.01,230.31,230.0,230.31
1582948440,ETHUSD,1,230.31,230.64,230.31,230.64
1582948500,ETHUSD,1,230.64,230.64,230.58,230.6
1582948560,ETHUSD,1,230.6,230.7,230.59,230.7
1582948620,ETHUSD,1,230.7,230.7,230.61,230.61
1582948680,ETHUSD,1,230.61,230.63,230.56,230.63
1582948740,ETHUSD,1,230.63,230.66,230.42,230.43
1582948800,ETHUSD,1,230.43,230.96,230.37,230.96
1582948860,ETHUSD,1,230.96,231.0,230.91,230.98
1582948920,ETHUSD,1,230.98,231.08,230.98,231.07
1582948980,ETHUSD,1,231.07,231.23,231.07,231.19
1582949040,ETHUSD,1,231.19,231.42,231.15,231.38
1582949100,ETHUSD,1,231.38,231.45,231.38,231.45
1582949160,ETHUSD,1,231.45,231.46,231.19,231.2
1582949220,ETHUSD,1,231.2,231.43,231.19,231.35
1582949280,ETHUSD,1,231.35,231.58,231.28,231.49
1582949340,ETHUSD,1,231.49,231.76,231.49,231.68
1582949400,ETHUSD,1,231.68,231.72,231.63,231.67
1582949460,ETHUSD,1,231.67,231.73,231.54,231.57
1582949520,ETHUSD,1,231.57,231.84,231.57,231.84
1582949580,ETHUSD,1,231.84,232.13,231.7,232.13
1582949640,ETHUSD,1,232.13,232.15,231.96,232.02
1582949700,ETHUSD,1,232.02,232.02,231.61,231.62
1582949760,ETHUSD,1,231.62,231.71,231.6,231.68
1582949820,ETHUSD,1,231.68,231.68,231.47,231.48
1582949880,ETHUSD,1,231.48,231.49,231.27,231.33
1582949940,ETHUSD,1,231.33,231.49,231.33,231.48
1582950000,ETHUSD,1,231.48,231.99,231.48,231.95
1582950060,ETHUSD,1,231.95,231.96,231.43,231.43
1582950120,ETHUSD,1,231.43,231.56,231.43,231.43
1582950180,ETHUSD,1,231.43,231.66,231.36,231.36
1582950240,ETHUSD,1,231.36,231.36,231.17,231.17
1582950300,ETHUSD,1,231.17,231.37,231.15,231.25
1582950360,ETHUSD,1,231.25,231.39,231.13,231.13
1582950420,ETHUSD,1,231.13,231.25,231.13,231.15
1582950480,ETHUSD,1,231.15,231.22,231.15,231.22
1582950540,ETHUSD,1,231.22,231.22,231.09,231.1
1582950600,ETHUSD,1,231.1,231.11,230.88,230.91
1582950660,ETHUSD,1,230.91,231.09,230.91,231.09
1582950720,ETHUSD,1,231.09,231.1,230.9,230.9
1582950780,ETHUSD,1,230.9,230.9,230.67,230.67
1582950840,ETHUSD,1,230.67,230.67,230.55,230.63
1582950900,ETHUSD,1,230.63,230.68,230.38,230.68
1582950960,ETHUSD,1,230.68,230.72,230.52,230.72
1582951020,ETHUSD,1,230.72,230.76,230.56,230.72
1582951080,ETHUSD,1,230.72,230.82,230.6,230.6
1582951140,ETHUSD,1,230.6,230.62,230.56,230.56
1582951200,ETHUSD,1,230.56,230.67,230.56,230.56
1582951260,ETHUSD,1,230.56,231.09,230.54,231.09
1582951320,ETHUSD,1,231.09,231.36,231.08,231.36
1582951380,ETHUSD,1,231.36,231.6,231.36,231.51
1582951440,ETHUSD,1,231.51,231.62,231.5,231.62
1582951500,ETHUSD,1,231.62,231.79,231.59,231.79
1582951560,ETHUSD,1,231.79,232.1,231.79,232.09
1582951620,ETHUSD,1,232.09,232.37,232.06,232.31
1582951680,ETHUSD,1,232.31,232.84,232.31,232.72
1582951740,ETHUSD,1,232.72,232.82,232.57,232.68
1582951800,ETHUSD,1,232.68,232.78,232.56,232.57
1582951860,ETHUSD,1,232.57,232.65,232.56,232.59
1582951920,ETHUSD,1,232.59,232.59,232.02,232.18
1582951980,ETHUSD,1,232.18,232.41,232.18,232.26
1582952040,ETHUSD,1,232.26,232.54,232.24,232.49
1582952100,ETHUSD,1,232.49,232.69,232.49,232.69
1582952160,ETHUSD,1,232.69,232.74,232.38,232.38
1582952220,ETHUSD,1,232.38,232.38,232.14,232.14
1582952280,ETHUSD,1,232.14,232.38,232.05,232.19
1582952340,ETHUSD,1,232.19,232.31,232.18,232.18
1582952400,ETHUSD,1,232.18,232.25,232.04,232.04
1582952460,ETHUSD,1,232.04,232.04,231.75,231.75
1582952520,ETHUSD,1,231.75,232.08,231.74,232.08
1582952580,ETHUSD,1,232.08,232.08,231.84,231.91
1582952640,ETHUSD,1,231.91,232.24,231.91,232.23
1582952700,ETHUSD,1,232.23,232.32,232.2,232.2
1582952760,ETHUSD,1,232.2,232.4,232.2,232.4
1582952820,ETHUSD,1,232.4,232.85,232.4,232.78
1582952880,ETHUSD,1,232.78,232.79,232.64,232.78
1582952940,ETHUSD,1,232.78,232.98,232.78,232.96
1582953000,ETHUSD,1,232.96,232.96,232.55,232.55
1582953060,ETHUSD,1,232.55,233.01,232.55,233.0
1582953120,ETHUSD,1,233.0,233.08,232.98,232.98
1582953180,ETHUSD,1,232.98,233.19,232.98,233.13
1582953240,ETHUSD,1,233.13,233.31,233.13,233.31
1582953300,ETHUSD,1,233.31,233.31,233.17,233.21
1582953360,ETHUSD,1,233.21,233.21,233.06,233.11
1582953420,ETHUSD,1,233.11,233.11,232.61,232.8
1582953480,ETHUSD,1,232.8,232.8,232.32,232.33
1582953540,ETHUSD,1,232.33,232.51,232.33,232.45
1582953600,ETHUSD,1,232.45,232.45,232.36,232.42
1582953660,ETHUSD,1,232.42,232.52,232.42,232.5
1582953720,ETHUSD,1,232.5,232.63,232.3,232.63
1582953780,ETHUSD,1,232.63,232.79,232.57,232.73
1582953840,ETHUSD,1,232.73,232.73,232.41,232.41
1582953900,ETHUSD,1,232.41,232.41,231.49,231.49
1582953960,ETHUSD,1,231.49,231.7,231.45,231.6
1582954020,ETHUSD,1,231.6,231.67,231.35,231.49
1582954080,ETHUSD,1,231.49,231.52,231.39,231.52
1582954140,ETHUSD,1,231.52,231.57,231.47,231.54
1582954200,ETHUSD,1,231.54,231.55,231.47,231.47
1582954260,ETHUSD,1,231.47,231.65,231.47,231.65
1582954320,ETHUSD,1,231.65,231.91,231.65,231.9
1582954380,ETHUSD,1,231.9,231.9,231.87,231.87
1582954440,ETHUSD,1,231.87,232.01,231.82,231.97
1582954500,ETHUSD,1,231.97,231.97,231.86,231.91
1582954560,ETHUSD,1,231.91,231.91,231.85,231.85
1582954620,ETHUSD,1,231.85,231.85,231.62,231.74
1582954680,ETHUSD,1,231.74,231.75,231.67,231.68
1582954740,ETHUSD,1,231.68,231.74,231.62,231.62
1582954800,ETHUSD,1,231.62,231.65,231.59,231.59
1582954860,ETHUSD,1,231.59,231.61,231.34,231.37
1582954920,ETHUSD,1,231.37,231.44,231.28,231.44
1582954980,ETHUSD,1,231.44,231.44,231.21,231.21
1582955040,ETHUSD,1,231.21,231.29,231.18,231.29
1582955100,ETHUSD,1,231.29,231.61,231.26,231.6
1582955160,ETHUSD,1,231.6,231.69,231.47,231.61
1582955220,ETHUSD,1,231.61,231.61,231.42,231.49
1582955280,ETHUSD,1,231.49,231.53,231.45,231.48
1582955340,ETHUSD,1,231.48,231.53,231.48,231.48
1582955400,ETHUSD,1,231.48,231.49,231.27,231.31
1582955460,ETHUSD,1,231.31,231.38,231.31,231.38
1582955520,ETHUSD,1,231.38,231.83,231.35,231.8
1582955580,ETHUSD,1,231.8,231.95,231.8,231.95
1582955640,ETHUSD,1,231.95,231.95,231.79,231.79
1582955700,ETHUSD,1,231.79,231.83,231.74,231.83
1582955760,ETHUSD,1,231.83,231.83,231.76,231.76
1582955820,ETHUSD,1,231.76,231.9,231.75,231.9
1582955880,ETHUSD,1,231.9,232.03,231.9,232.03
1582955940,ETHUSD,1,232.03,232.04,232.03,232.03
1582956000,ETHUSD,1,232.03,232.61,232.03,232.5
1582956060,ETHUSD,1,232.5,232.76,232.5,232.76
1582956120,ETHUSD,1,232.76,232.78,232.65,232.65
1582956180,ETHUSD,1,232.65,232.65,232.48,232.64
1582956240,ETHUSD,1,232.64,232.79,232.62,232.69
1582956300,ETHUSD,1,232.69,232.79,232.69,232.79
1582956360,ETHUSD,1,232.79,233.0,232.79,232.98
1582956420,ETHUSD,1,232.98,233.03,232.87,232.89
1582956480,ETHUSD,1,232.89,232.89,232.23,232.23
1582956540,ETHUSD,1,232.23,232.36,232.18,232.29
1582956600,ETHUSD,1,232.29,232.29,232.1,232.1
1582956660,ETHUSD,1,232.1,232.11,231.94,231.94
1582956720,ETHUSD,1,231.94,231.94,231.44,231.51
1582956780,ETHUSD,1,231.51,231.52,231.4,231.4
1582956840,ETHUSD,1,231.4,231.4,231.36,231.36
1582956900,ETHUSD,1,231.36,231.36,231.04,231.04
1582956960,ETHUSD,1,231.04,231.16,231.01,231.04
1582957020,ETHUSD,1,231.04,231.14,230.86,230.86
1582957080,ETHUSD,1,230.86,230.88,230.82,230.88
1582957140,ETHUSD,1,230.88,230.94,230.85,230.85
1582957200,ETHUSD,1,230.85,230.85,230.44,230.66
1582957260,ETHUSD,1,230.66,230.66,230.6,230.6
1582957320,ETHUSD,1,230.6,230.6,230.35,230.4
1582957380,ETHUSD,1,230.4,230.4,229.87,230.2
1582957440,ETHUSD,1,230.2,230.2,229.94,229.95
1582957500,ETHUSD,1,229.95,229.95,229.68,229.84
1582957560,ETHUSD,1,229.84,230.08,229.73,229.73
1582957620,ETHUSD,1,229.73,229.76,229.63,229.68
1582957680,ETHUSD,1,229.68,229.84,229.64,229.8
1582957740,ETHUSD,1,229.8,229.8,229.52,229.52
1582957800,ETHUSD,1,229.52,229.52,229.38,229.38
1582957860,ETHUSD,1,229.38,229.52,229.25,229.52
1582957920,ETHUSD,1,229.52,229.61,229.41,229.61
1582957980,ETHUSD,1,229.61,229.78,229.6,229.77
1582958040,ETHUSD,1,229.77,229.79,229.77,229.77
1582958100,ETHUSD,1,229.77,229.77,229.62,229.65
1582958160,ETHUSD,1,229.65,229.74,229.62,229.74
1582958220,ETHUSD,1,229.74,229.87,229.74,229.87
1582958280,ETHUSD,1,229.87,230.09,229.87,230.05
1582958340,ETHUSD,1,230.05,230.05,229.82,229.82
1582958400,ETHUSD,1,229.82,230.22,229.82,230.22
1582958460,ETHUSD,1,230.22,230.22,230.02,230.03
1582958520,ETHUSD,1,230.03,230.11,229.97,230.06
1582958580,ETHUSD,1,230.06,230.18,229.96,229.96
1582958640,ETHUSD,1,229.96,230.15,229.96,230.15
1582958700,ETHUSD,1,230.15,230.38,230.09,230.27
1582958760,ETHUSD,1,230.27,230.4,230.27,230.39
1582958820,ETHUSD,1,230.39,230.39,229.81,229.85
1582958880,ETHUSD,1,229.85,229.91,229.54,229.82
1582958940,ETHUSD,1,229.82,229.83,229.63,229.69
1582959000,ETHUSD,1,229.69,229.87,229.54,229.55
1582959060,ETHUSD,1,229.55,229.55,229.32,229.33
1582959120,ETHUSD,1,229.33,229.33,228.96,228.96
1582959180,ETHUSD,1,228.96,229.2,228.92,228.92
1582959240,ETHUSD,1,228.92,228.97,228.87,228.97
1582959300,ETHUSD,1,228.97,228.97,228.76,228.83
1582959360,ETHUSD,1,228.83,228.9,228.68,228.68
1582959420,ETHUSD,1,228.68,228.83,228.59,228.64
1582959480,ETHUSD,1,228.64,228.74,228.64,228.68
1582959540,ETHUSD,1,228.68,228.82,228.68,228.69
1582959600,ETHUSD,1,228.69,228.88,228.61,228.88
1582959660,ETHUSD,1,228.88,229.51,228.88,229.51
1582959720,ETHUSD,1,229.51,229.53,229.42,229.42
1582959780,ETHUSD,1,229.42,229.56,229.42,229.5
1582959840,ETHUSD,1,229.5,229.5,229.33,229.33
1582959900,ETHUSD,1,229.33,229.33,229.18,229.18
1582959960,ETHUSD,1,229.18,229.18,229.06,229.1
1582960020,ETHUSD,1,229.1,229.22,229.07,229.07
1582960080,ETHUSD,1,229.07,229.5,229.0,229.49
1582960140,ETHUSD,1,229.49,229.83,229.46,229.82
1582960200,ETHUSD,1,229.82,229.82,229.69,229.78
1582960260,ETHUSD,1,229.78,229.78,229.63,229.74
1582960320,ETHUSD,1,229.74,229.74,229.67,229.67
1582960380,ETHUSD,1,229.67,229.67,229.54,229.55
1582960440,ETHUSD,1,229.55,229.62,229.55,229.56
1582960500,ETHUSD,1,229.56,229.89,229.56,229.83
1582960560,ETHUSD,1,229.83,229.98,229.75,229.84
1582960620,ETHUSD,1,229.84,229.86,229.78,229.78
1582960680,ETHUSD,1,229.78,229.78,229.66,229.69
1582960740,ETHUSD,1,229.69,229.77,229.47,229.47
1582960800,ETHUSD,1,229.47,229.47,229.31,229.31
1582960860,ETHUSD,1,229.31,229.31,229.17,229.24
1582960920,ETHUSD,1,229.24,229.27,229.23,229.25
1582960980,ETHUSD,1,229.25,229.26,229.1,229.13
1582961040,ETHUSD,1,229.13,229.13,228.98,228.98
1582961100,ETHUSD,1,228.98,228.98,228.76,228.86
1582961160,ETHUSD,1,228.86,228.89,228.73,228.81
1582961220,ETHUSD,1,228.81,228.87,228.75,228.79
1582961280,ETHUSD,1,228.79,228.85,228.73,228.73
1582961340,ETHUSD,1,228.73,228.86,228.56,228.56
1582961400,ETHUSD,1,228.56,228.56,228.46,228.46
1582961460,ETHUSD,1,228.46,228.54,228.46,228.53
1582961520,ETHUSD,1,228.53,228.53,228.48,228.48
1582961580,ETHUSD,1,228.48,228.48,227.96,227.97
1582961640,ETHUSD,1,227.97,228.16,227.97,228.13
1582961700,ETHUSD,1,228.13,228.13,228.02,228.02
1582961760,ETHUSD,1,228.02,228.02,227.87,228.02
1582961820,ETHUSD,1,228.02,228.23,228.02,228.23
1582961880,ETHUSD,1,228.23,228.23,228.16,228.16
1582961940,ETHUSD,1,228.16,228.16,227.96,228.06
1582962000,ETHUSD,1,228.06,228.44,228.06,228.44
1582962060,ETHUSD,1,228.44,229.11,228.44,229.06
1582962120,ETHUSD,1,229.06,229.19,229.05,229.09
1582962180,ETHUSD,1,229.09,229.09,229.0,229.03
1582962240,ETHUSD,1,229.03,229.2,229.03,229.2
1582962300,ETHUSD,1,229.2,229.2,229.03,229.05
1582962360,ETHUSD,1,229.05,229.05,228.66,228.66
1582962420,ETHUSD,1,228.66,228.85,228.66,228.79
1582962480,ETHUSD,1,228.79,228.79,228.62,228.67
1582962540,ETHUSD,1,228.67,228.67,228.65,228.65
1582962600,ETHUSD,1,228.65,228.65,228.48,228.48
1582962660,ETHUSD,1,228.48,228.77,228.48,228.75
1582962720,ETHUSD,1,228.75,228.84,228.75,228.83
1582962780,ETHUSD,1,228.83,228.88,228.66,228.8
1582962840,ETHUSD,1,228.8,228.86,228.69,228.84
1582962900,ETHUSD,1,228.84,229.22,228.84,229.22
1582962960,ETHUSD,1,229.22,229.34,229.2,229.34
1582963020,ETHUSD,1,229.34,229.39,229.28,229.39
1582963080,ETHUSD,1,229.39,229.83,229.39,229.83
1582963140,ETHUSD,1,229.83,229.86,229.71,229.72
1582963200,ETHUSD,1,229.72,229.86,229.6,229.86
1582963260,ETHUSD,1,229.86,230.07,229.86,230.07
1582963320,ETHUSD,1,230.07,230.18,230.05,230.17
1582963380,ETHUSD,1,230.17,230.26,230.1,230.1
1582963440,ETHUSD,1,230.1,230.13,230.1,230.13
1582963500,ETHUSD,1,230.13,230.16,230.01,230.01
1582963560,ETHUSD,1,230.01,230.01,229.6,229.6
1582963620,ETHUSD,1,229.6,229.6,229.32,229.32
1582963680,ETHUSD,1,229.32,229.6,229.32,229.56
1582963740,ETHUSD,1,229.56,229.66,229.56,229.66
1582963800,ETHUSD,1,229.66,229.66,229.52,229.55
1582963860,ETHUSD,1,229.55,229.55,229.48,229.51
1582963920,ETHUSD,1,229.51,229.7,229.51,229.59
1582963980,ETHUSD,1,229.59,230.06,229.59,230.04
1582964040,ETHUSD,1,230.04,230.18,229.96,230.18
1582964100,ETHUSD,1,230.18,230.24,230.12,230.2
1582964160,ETHUSD,1,230.2,230.2,230.08,230.1
1582964220,ETHUSD,1,230.1,230.18,230.06,230.18
1582964280,ETHUSD,1,230.18,230.18,229.81,229.81
1582964340,ETHUSD,1,229.81,229.94,229.81,229.84
1582964400,ETHUSD,1,229.84,229.84,229.81,229.81
1582964460,ETHUSD,1,229.81,229.94,229.81,229.94
1582964520,ETHUSD,1,229.94,229.95,229.68,229.69
1582964580,ETHUSD,1,229.69,229.69,229.37,229.37
1582964640,ETHUSD,1,229.37,229.37,228.89,228.89
1582964700,ETHUSD,1,228.89,228.97,228.83,228.91
1582964760,ETHUSD,1,228.91,229.06,228.86,229.0
1582964820,ETHUSD,1,229.0,229.14,229.0,229.13
1582964880,ETHUSD,1,229.13,229.13,229.1,229.1
1582964940,ETHUSD,1,229.1,229.1,228.99,229.06
1582965000,ETHUSD,1,229.06,229.08,229.01,229.03
1582965060,ETHUSD,1,229.03,229.03,228.98,228.98
1582965120,ETHUSD,1,228.98,228.98,228.48,228.64
1582965180,ETHUSD,1,228.64,228.64,228.62,228.62
1582965240,ETHUSD,1,228.62,228.7,228.62,228.69
1582965300,ETHUSD,1,228.69,228.89,228.69,228.84
1582965360,ETHUSD,1,228.84,228.99,228.84,228.96
1582965420,ETHUSD,1,228.96,229.09,228.95,229.03
1582965480,ETHUSD,1,229.03,229.19,228.88,229.19
1582965540,ETHUSD,1,229.19,229.25,229.19,229.25
1582965600,ETHUSD,1,229.25,229.25,229.22,229.22
1582965660,ETHUSD,1,229.22,229.22,229.05,229.05
1582965720,ETHUSD,1,229.05,229.05,228.97,228.97
1582965780,ETHUSD,1,228.97,228.97,228.96,228.96
1582965840,ETHUSD,1,228.96,228.96,228.8,228.8
1582965900,ETHUSD,1,228.8,228.8,228.61,228.66
1582965960,ETHUSD,1,228.66,228.82,228.66,228.82
1582966020,ETHUSD,1,228.82,228.82,228.51,228.72
1582966080,ETHUSD,1,228.72,228.72,228.51,228.56
1582966140,ETHUSD,1,228.56,228.56,228.48,228.48
1582966200,ETHUSD,1,228.48,228.57,228.48,228.56
1582966260,ETHUSD,1,228.56,228.61,228.54,228.61
1582966320,ETHUSD,1,228.61,228.73,228.61,228.72
1582966380,ETHUSD,1,228.72,228.73,228.72,228.73
1582966440,ETHUSD,1,228.73,228.75,228.73,228.75
1582966500,ETHUSD,1,228.75,228.89,228.75,228.85
1582966560,ETHUSD,1,228.85,228.85,228.7,228.7
1582966620,ETHUSD,1,228.7,228.74,228.7,228.72
1582966680,ETHUSD,1,228.72,228.76,228.72,228.76
1582966740,ETHUSD,1,228.76,228.76,228.75,228.76
1582966800,ETHUSD,1,228.76,228.76,228.71,228.71
1582966860,ETHUSD,1,228.71,228.72,228.56,228.61
1582966920,ETHUSD,1,228.61,228.61,228.35,228.37
1582966980,ETHUSD,1,228.37,228.52,228.36,228.4
1582967040,ETHUSD,1,228.4,228.44,228.29,228.29
1582967100,ETHUSD,1,228.29,228.29,228.19,228.24
1582967160,ETHUSD,1,228.24,228.24,228.19,228.24
1582967220,ETHUSD,1,228.24,228.24,228.12,228.16
1582967280,ETHUSD,1,228.16,228.16,227.91,227.91
1582967340,ETHUSD,1,227.91,227.93,227.61,227.61
1582967400,ETHUSD,1,227.61,227.61,226.8,226.98
1582967460,ETHUSD,1,226.98,226.98,226.2,226.61
1582967520,ETHUSD,1,226.61,226.77,226.49,226.66
1582967580,ETHUSD,1,226.66,226.8,226.59,226.8
1582967640,ETHUSD,1,226.8,226.84,226.79,226.81
1582967700,ETHUSD,1,226.81,227.05,226.81,227.04
1582967760,ETHUSD,1,227.04,227.27,227.04,227.04
1582967820,ETHUSD,1,227.04,227.04,226.23,226.39
1582967880,ETHUSD,1,226.39,226.39,225.79,225.97
1582967940,ETHUSD,1,225.97,226.08,225.97,226.05
1582968000,ETHUSD,1,226.05,226.05,225.88,225.89
1582968060,ETHUSD,1,225.89,226.12,225.89,226.12
1582968120,ETHUSD,1,226.12,226.2,226.11,226.12
1582968180,ETHUSD,1,226.12,226.15,225.98,225.99
1582968240,ETHUSD,1,225.99,225.99,225.84,225.84
1582968300,ETHUSD,1,225.84,226.17,225.84,226.17
1582968360,ETHUSD,1,226.17,226.27,226.17,226.25
1582968420,ETHUSD,1,226.25,226.25,225.99,226.22
1582968480,ETHUSD,1,226.22,226.44,226.22,226.23
1582968540,ETHUSD,1,226.23,226.23,225.94,225.98
1582968600,ETHUSD,1,225.98,225.98,225.85,225.92
1582968660,ETHUSD,1,225.92,226.32,225.92,226.32
1582968720,ETHUSD,1,226.32,226.79,226.3,226.79
1582968780,ETHUSD,1,226.79,226.81,226.58,226.75
1582968840,ETHUSD,1,226.75,226.75,226.39,226.39
1582968900,ETHUSD,1,226.39,226.51,226.38,226.42
1582968960,ETHUSD,1,226.42,226.42,226.37,226.38
1582969020,ETHUSD,1,226.38,226.38,226.36,226.36
1582969080,ETHUSD,1,226.36,226.4,226.25,226.35
1582969140,ETHUSD,1,226.35,226.37,226.33,226.34
1582969200,ETHUSD,1,226.34,226.34,226.32,226.32
1582969260,ETHUSD,1,226.32,226.34,225.86,225.86
1582969320,ETHUSD,1,225.86,225.92,225.83,225.83
1582969380,ETHUSD,1,225.83,225.92,225.72,225.92
1582969440,ETHUSD,1,225.92,226.02,225.92,226.02
1582969500,ETHUSD,1,226.02,226.19,225.98,225.98
1582969560,ETHUSD,1,225.98,225.98,225.78,225.83
1582969620,ETHUSD,1,225.83,226.18,225.83,226.18
1582969680,ETHUSD,1,226.18,226.2,226.16,226.2
1582969740,ETHUSD,1,226.2,226.2,226.01,226.01
1582969800,ETHUSD,1,226.01,226.01,225.96,225.96
1582969860,ETHUSD,1,225.96,225.96,225.76,225.76
1582969920,ETHUSD,1,225.76,225.79,225.75,225.75
1582969980,ETHUSD,1,225.75,225.9,225.54,225.81
1582970040,ETHUSD,1,225.81,225.81,225.7,225.73
1582970100,ETHUSD,1,225.73,225.73,225.53,225.53
1582970160,ETHUSD,1,225.53,225.58,225.51,225.58
1582970220,ETHUSD,1,225.58,225.66,225.58,225.66
1582970280,ETHUSD,1,225.66,225.66,225.43,225.45
1582970340,ETHUSD,1,225.45,225.84,225.45,225.84
1582970400,ETHUSD,1,225.84,225.84,225.68,225.69
1582970460,ETHUSD,1,225.69,225.69,225.5,225.61
1582970520,ETHUSD,1,225.61,225.68,225.61,225.68
1582970580,ETHUSD,1,225.68,225.7,225.53,225.7
1582970640,ETHUSD,1,225.7,225.7,225.65,225.66
1582970700,ETHUSD,1,225.66,225.72,225.66,225.72
1582970760,ETHUSD,1,225.72,226.29,225.72,226.29
1582970820,ETHUSD,1,226.29,226.47,226.22,226.43
1582970880,ETHUSD,1,226.43,226.86,226.43,226.86
1582970940,ETHUSD,1,226.86,226.91,226.65,226.65
1582971000,ETHUSD,1,226.65,226.84,226.65,226.74
1582971060,ETHUSD,1,226.74,226.97,226.74,226.97
1582971120,ETHUSD,1,226.97,226.98,226.81,226.86
1582971180,ETHUSD,1,226.86,226.99,226.86,226.99
1582971240,ETHUSD,1,226.99,226.99,226.73,226.73
1582971300,ETHUSD,1,226.73,226.81,226.71,226.8
1582971360,ETHUSD,1,226.8,227.6,226.8,227.47
1582971420,ETHUSD,1,227.47,228.04,227.47,227.81
1582971480,ETHUSD,1,227.81,227.97,227.62,227.91
1582971540,ETHUSD,1,227.91,227.92,227.74,227.79
1582971600,ETHUSD,1,227.79,227.79,227.53,227.62
1582971660,ETHUSD,1,227.62,227.62,227.5,227.5
1582971720,ETHUSD,1,227.5,227.5,227.33,227.34
1582971780,ETHUSD,1,227.34,227.34,227.18,227.18
1582971840,ETHUSD,1,227.18,227.18,226.68,226.78
1582971900,ETHUSD,1,226.78,226.92,226.62,226.92
1582971960,ETHUSD,1,226.92,227.14,226.92,227.06
1582972020,ETHUSD,1,227.06,227.1,226.96,226.96
1582972080,ETHUSD,1,226.96,227.01,226.96,227.0
1582972140,ETHUSD,1,227.0,227.0,226.95,226.96
1582972200,ETHUSD,1,226.96,226.98,226.93,226.98
1582972260,ETHUSD,1,226.98,226.98,226.91,226.91
1582972320,ETHUSD,1,226.91,226.91,226.67,226.73
1582972380,ETHUSD,1,226.73,226.73,226.15,226.15
1582972440,ETHUSD,1,226.15,226.36,226.14,226.22
1582972500,ETHUSD,1,226.22,226.42,226.22,226.36
1582972560,ETHUSD,1,226.36,226.36,226.07,226.14
1582972620,ETHUSD,1,226.14,226.14,226.07,226.13
1582972680,ETHUSD,1,226.13,226.3,226.13,226.27
1582972740,ETHUSD,1,226.27,226.27,226.04,226.21
1582972800,ETHUSD,1,226.21,226.29,226.2,226.29
1582972860,ETHUSD,1,226.29,226.29,226.2,226.23
1582972920,ETHUSD,1,226.23,226.23,226.07,226.09
1582972980,ETHUSD,1,226.09,226.15,226.09,226.15
1582973040,ETHUSD,1,226.15,226.16,226.12,226.15
1582973100,ETHUSD,1,226.15,226.15,225.8,225.8
1582973160,ETHUSD,1,225.8,225.82,225.76,225.76
1582973220,ETHUSD,1,225.76,225.76,224.81,224.81
1582973280,ETHUSD,1,224.81,224.97,223.85,224.44
1582973340,ETHUSD,1,224.44,224.44,223.48,223.89
1582973400,ETHUSD,1,223.89,224.37,223.89,223.96
1582973460,ETHUSD,1,223.96,223.96,223.68,223.79
1582973520,ETHUSD,1,223.79,224.11,223.79,224.04
1582973580,ETHUSD,1,224.04,224.11,223.9,224.0
1582973640,ETHUSD,1,224.0,224.17,223.91,223.91
1582973700,ETHUSD,1,223.91,223.91,223.67,223.67
1582973760,ETHUSD,1,223.67,223.67,223.25,223.27
1582973820,ETHUSD,1,223.27,223.47,223.27,223.47
1582973880,ETHUSD,1,223.47,223.47,222.98,222.98
1582973940,ETHUSD,1,222.98,223.13,222.82,223.08
1582974000,ETHUSD,1,223.08,223.64,223.07,223.62
1582974060,ETHUSD,1,223.62,223.65,223.4,223.45
1582974120,ETHUSD,1,223.45,223.53,223.17,223.36
1582974180,ETHUSD,1,223.36,223.39,223.27,223.27
1582974240,ETHUSD,1,223.27,223.45,223.27,223.45
1582974300,ETHUSD,1,223.45,223.54,223.35,223.35
1582974360,ETHUSD,1,223.35,223.35,222.97,222.97
1582974420,ETHUSD,1,222.97,223.01,222.25,222.51
1582974480,ETHUSD,1,222.51,222.85,222.51,222.85
1582974540,ETHUSD,1,222.85,223.29,222.85,223.18
1582974600,ETHUSD,1,223.18,223.42,223.1,223.42
1582974660,ETHUSD,1,223.42,223.47,223.22,223.22
1582974720,ETHUSD,1,223.22,223.22,222.96,223.04
1582974780,ETHUSD,1,223.04,223.46,223.04,223.46
1582974840,ETHUSD,1,223.46,223.82,223.46,223.82
1582974900,ETHUSD,1,223.82,224.11,223.6,224.11
1582974960,ETHUSD,1,224.11,224.85,224.11,224.59
1582975020,ETHUSD,1,224.59,224.59,224.07,224.18
1582975080,ETHUSD,1,224.18,224.32,224.18,224.28
1582975140,ETHUSD,1,224.28,224.54,224.28,224.5
1582975200,ETHUSD,1,224.5,224.52,224.29,224.34
1582975260,ETHUSD,1,224.34,224.42,224.25,224.25
1582975320,ETHUSD,1,224.25,224.25,224.2,224.2
1582975380,ETHUSD,1,224.2,224.26,224.0,224.11
1582975440,ETHUSD,1,224.11,224.35,224.11,224.35
1582975500,ETHUSD,1,224.35,224.43,224.34,224.42
1582975560,ETHUSD,1,224.42,224.42,224.21,224.25
1582975620,ETHUSD,1,224.25,224.33,224.03,224.03
1582975680,ETHUSD,1,224.03,224.14,224.01,224.13
1582975740,ETHUSD,1,224.13,224.13,223.98,224.0
1582975800,ETHUSD,1,224.0,224.09,224.0,224.09
1582975860,ETHUSD,1,224.09,224.09,223.99,224.0
1582975920,ETHUSD,1,224.0,224.22,224.0,224.22
1582975980,ETHUSD,1,224.22,224.24,224.21,224.24
1582976040,ETHUSD,1,224.24,224.63,224.22,224.63
1582976100,ETHUSD,1,224.63,224.74,224.63,224.74
1582976160,ETHUSD,1,224.74,225.51,224.74,225.51
1582976220,ETHUSD,1,225.51,225.51,225.28,225.29
1582976280,ETHUSD,1,225.29,225.71,225.29,225.71
1582976340,ETHUSD,1,225.71,225.85,225.6,225.62
1582976400,ETHUSD,1,225.62,225.62,225.33,225.33
1582976460,ETHUSD,1,225.33,225.37,225.15,225.28
1582976520,ETHUSD,1,225.28,225.33,225.21,225.3
1582976580,ETHUSD,1,225.3,225.32,224.98,224.98
1582976640,ETHUSD,1,224.98,225.3,224.98,225.17
1582976700,ETHUSD,1,225.17,225.3,225.08,225.11
1582976760,ETHUSD,1,225.11,225.21,225.1,225.2
1582976820,ETHUSD,1,225.2,225.2,225.0,225.0
1582976880,ETHUSD,1,225.0,225.4,225.0,225.4
1582976940,ETHUSD,1,225.4,225.42,225.32,225.42
1582977000,ETHUSD,1,225.42,225.42,225.34,225.34
1582977060,ETHUSD,1,225.34,225.38,225.22,225.34
1582977120,ETHUSD,1,225.34,225.74,225.34,225.74
1582977180,ETHUSD,1,225.74,226.3,225.74,226.3
1582977240,ETHUSD,1,226.3,226.5,226.13,226.5
1582977300,ETHUSD,1,226.5,226.6,226.37,226.6
1582977360,ETHUSD,1,226.6,226.61,226.37,226.53
1582977420,ETHUSD,1,226.53,226.62,226.42,226.46
1582977480,ETHUSD,1,226.46,226.46,226.19,226.22
1582977540,ETHUSD,1,226.22,226.43,226.22,226.43
1582977600,ETHUSD,1,226.43,226.48,225.83,225.88
1582977660,ETHUSD,1,225.88,226.07,225.72,226.07
1582977720,ETHUSD,1,226.07,226.22,226.07,226.08
1582977780,ETHUSD,1,226.08,226.08,225.68,225.74
1582977840,ETHUSD,1,225.74,225.83,225.73,225.83
1582977900,ETHUSD,1,225.83,225.83,225.56,225.71
1582977960,ETHUSD,1,225.71,225.71,225.52,225.66
1582978020,ETHUSD,1,225.66,225.66,225.47,225.49
1582978080,ETHUSD,1,225.49,225.57,225.07,225.07
1582978140,ETHUSD,1,225.07,225.28,225.07,225.22
1582978200,ETHUSD,1,225.22,225.31,225.13,225.31
1582978260,ETHUSD,1,225.31,225.47,225.29,225.38
1582978320,ETHUSD,1,225.38,225.38,225.21,225.26
1582978380,ETHUSD,1,225.26,225.73,225.26,225.73
1582978440,ETHUSD,1,225.73,225.97,225.73,225.97
1582978500,ETHUSD,1,225.97,225.99,225.97,225.99
1582978560,ETHUSD,1,225.99,226.03,225.86,225.89
1582978620,ETHUSD,1,225.89,225.89,225.75,225.75
1582978680,ETHUSD,1,225.75,225.75,225.57,225.58
1582978740,ETHUSD,1,225.58,225.58,225.24,225.24
1582978800,ETHUSD,1,225.24,225.24,224.94,224.94
1582978860,ETHUSD,1,224.94,224.94,224.71,224.8
1582978920,ETHUSD,1,224.8,224.88,224.7,224.7
1582978980,ETHUSD,1,224.7,224.77,224.68,224.74
1582979040,ETHUSD,1,224.74,224.74,224.59,224.59
1582979100,ETHUSD,1,224.59,224.66,224.58,224.58
1582979160,ETHUSD,1,224.58,224.61,224.32,224.33
1582979220,ETHUSD,1,224.33,224.92,224.33,224.83
1582979280,ETHUSD,1,224.83,224.87,224.8,224.8
1582979340,ETHUSD,1,224.8,224.8,224.52,224.52
1582979400,ETHUSD,1,224.52,224.52,224.29,224.29
1582979460,ETHUSD,1,224.29,224.89,224.29,224.89
1582979520,ETHUSD,1,224.89,224.9,224.76,224.77
1582979580,ETHUSD,1,224.77,224.89,224.71,224.72
1582979640,ETHUSD,1,224.72,224.94,224.72,224.94
1582979700,ETHUSD,1,224.94,225.24,224.94,225.22
1582979760,ETHUSD,1,225.22,225.56,225.22,225.56
1582979820,ETHUSD,1,225.56,225.56,225.39,225.39
1582979880,ETHUSD,1,225.39,225.39,225.28,225.28
1582979940,ETHUSD,1,225.28,225.61,225.28,225.61
1582980000,ETHUSD,1,225.61,225.61,225.35,225.36
1582980060,ETHUSD,1,225.36,225.36,225.32,225.35
1582980120,ETHUSD,1,225.35,225.36,225.24,225.24
1582980180,ETHUSD,1,225.24,225.24,224.99,224.99
1582980240,ETHUSD,1,224.99,225.02,224.89,224.89
1582980300,ETHUSD,1,224.89,224.89,224.77,224.77
1582980360,ETHUSD,1,224.77,225.08,224.77,225.05
1582980420,ETHUSD,1,225.05,225.26,225.05,225.26
1582980480,ETHUSD,1,225.26,225.26,225.04,225.05
1582980540,ETHUSD,1,225.05,225.26,225.05,225.25
1582980600,ETHUSD,1,225.25,225.25,225.05,225.15
1582980660,ETHUSD,1,225.15,225.47,225.15,225.46
1582980720,ETHUSD,1,225.46,225.87,225.46,225.64
1582980780,ETHUSD,1,225.64,225.72,225.49,225.59
1582980840,ETHUSD,1,225.59,225.61,225.53,225.61
1582980900,ETHUSD,1,225.61,225.61,225.55,225.58
1582980960,ETHUSD,1,225.58,225.58,225.19,225.19
1582981020,ETHUSD,1,225.19,225.37,225.16,225.35
1582981080,ETHUSD,1,225.35,225.51,225.34,225.34
1582981140,ETHUSD,1,225.34,225.46,225.34,225.38
1582981200,ETHUSD,1,225.38,225.42,224.84,224.84
1582981260,ETHUSD,1,224.84,224.87,224.62,224.62
1582981320,ETHUSD,1,224.62,224.8,224.62,224.75
1582981380,ETHUSD,1,224.75,224.75,224.29,224.4
1582981440,ETHUSD,1,224.4,224.44,224.27,224.28
1582981500,ETHUSD,1,224.28,224.36,224.07,224.07
1582981560,ETHUSD,1,224.07,224.12,224.06,224.09
1582981620,ETHUSD,1,224.09,224.23,224.09,224.16
1582981680,ETHUSD,1,224.16,224.16,223.72,223.73
1582981740,ETHUSD,1,223.73,223.83,223.73,223.83
1582981800,ETHUSD,1,223.83,223.95,223.82,223.93
1582981860,ETHUSD,1,223.93,224.05,223.93,224.05
1582981920,ETHUSD,1,224.05,224.07,223.84,223.92
1582981980,ETHUSD,1,223.92,224.24,223.92,223.98
1582982040,ETHUSD,1,223.98,224.03,223.9,224.03
1582982100,ETHUSD,1,224.03,224.24,224.03,224.24
1582982160,ETHUSD,1,224.24,224.31,224.17,224.17
1582982220,ETHUSD,1,224.17,224.35,224.17,224.35
1582982280,ETHUSD,1,224.35,224.71,224.35,224.7
1582982340,ETHUSD,1,224.7,224.74,224.66,224.73
1582982400,ETHUSD,1,224.73,224.73,224.57,224.6
1582982460,ETHUSD,1,224.6,224.6,224.21,224.36
1582982520,ETHUSD,1,224.36,224.37,224.13,224.13
1582982580,ETHUSD,1,224.13,224.13,223.89,223.89
1582982640,ETHUSD,1,223.89,223.89,223.73,223.86
1582982700,ETHUSD,1,223.86,223.88,223.74,223.86
1582982760,ETHUSD,1,223.86,223.98,223.85,223.87
1582982820,ETHUSD,1,223.87,223.87,223.67,223.67
1582982880,ETHUSD,1,223.67,223.67,223.04,223.41
1582982940,ETHUSD,1,223.41,223.56,223.29,223.53
1582983000,ETHUSD,1,223.53,223.53,223.18,223.22
1582983060,ETHUSD,1,223.22,223.56,223.16,223.56
1582983120,ETHUSD,1,223.56,223.73,223.56,223.73
1582983180,ETHUSD,1,223.73,223.94,223.72,223.94
1582983240,ETHUSD,1,223.94,224.0,223.84,223.84
1582983300,ETHUSD,1,223.84,223.89,223.83,223.89
1582983360,ETHUSD,1,223.89,223.89,223.62,223.64
1582983420,ETHUSD,1,223.64,223.64,223.27,223.27
1582983480,ETHUSD,1,223.27,223.39,223.23,223.23
1582983540,ETHUSD,1,223.23,223.28,223.2,223.24
1582983600,ETHUSD,1,223.24,223.34,223.24,223.29
1582983660,ETHUSD,1,223.29,223.55,223.24,223.55
1582983720,ETHUSD,1,223.55,223.58,223.48,223.48
1582983780,ETHUSD,1,223.48,223.53,223.34,223.34
1582983840,ETHUSD,1,223.34,223.39,223.34,223.39
1582983900,ETHUSD,1,223.39,223.39,223.12,223.12
1582983960,ETHUSD,1,223.12,223.55,223.12,223.47
1582984020,ETHUSD,1,223.47,223.9,223.38,223.87
1582984080,ETHUSD,1,223.87,224.29,223.87,224.12
1582984140,ETHUSD,1,224.12,224.27,224.12,224.23
1582984200,ETHUSD,1,224.23,224.23,224.04,224.04
1582984260,ETHUSD,1,224.04,224.23,224.04,224.23
1582984320,ETHUSD,1,224.23,224.47,224.23,224.39
1582984380,ETHUSD,1,224.39,224.87,224.28,224.87
1582984440,ETHUSD,1,224.87,224.87,224.65,224.75
1582984500,ETHUSD,1,224.75,224.75,224.57,224.57
1582984560,ETHUSD,1,224.57,224.63,224.51,224.51
1582984620,ETHUSD,1,224.51,224.53,224.51,224.51
1582984680,ETHUSD,1,224.51,224.51,224.24,224.29
1582984740,ETHUSD,1,224.29,224.36,224.29,224.35
1582984800,ETHUSD,1,224.35,224.35,223.96,223.96
1582984860,ETHUSD,1,223.96,223.97,223.86,223.86
1582984920,ETHUSD,1,223.86,223.86,223.58,223.84
1582984980,ETHUSD,1,223.84,223.84,223.55,223.83
1582985040,ETHUSD,1,223.83,223.83,223.58,223.67
1582985100,ETHUSD,1,223.67,223.69,223.6,223.62
1582985160,ETHUSD,1,223.62,223.62,223.24,223.27
1582985220,ETHUSD,1,223.27,223.27,223.03,223.03
1582985280,ETHUSD,1,223.03,223.03,222.59,222.61
1582985340,ETHUSD,1,222.61,222.61,222.01,222.02
1582985400,ETHUSD,1,222.02,222.29,222.02,222.19
1582985460,ETHUSD,1,222.19,222.25,222.09,222.22
1582985520,ETHUSD,1,222.22,222.47,222.22,222.38
1582985580,ETHUSD,1,222.38,222.54,222.35,222.35
1582985640,ETHUSD,1,222.35,222.37,222.08,222.08
1582985700,ETHUSD,1,222.08,222.41,222.07,222.41
1582985760,ETHUSD,1,222.41,222.78,222.41,222.73
1582985820,ETHUSD,1,222.73,222.84,222.41,222.49
1582985880,ETHUSD,1,222.49,222.49,222.13,222.21
1582985940,ETHUSD,1,222.21,222.22,221.64,221.64
1582986000,ETHUSD,1,221.64,221.75,221.44,221.52
1582986060,ETHUSD,1,221.52,221.56,221.21,221.55
1582986120,ETHUSD,1,221.55,221.83,221.52,221.82
1582986180,ETHUSD,1,221.82,222.01,221.82,222.01
1582986240,ETHUSD,1,222.01,222.05,221.57,221.57
1582986300,ETHUSD,1,221.57,221.8,221.52,221.7
1582986360,ETHUSD,1,221.7,221.84,221.7,221.84
1582986420,ETHUSD,1,221.84,221.94,221.6,221.61
1582986480,ETHUSD,1,221.61,221.63,221.49,221.58
1582986540,ETHUSD,1,221.58,221.6,221.49,221.58
1582986600,ETHUSD,1,221.58,221.81,221.54,221.54
1582986660,ETHUSD,1,221.54,221.79,221.54,221.78
1582986720,ETHUSD,1,221.78,222.48,221.76,222.48
1582986780,ETHUSD,1,222.48,222.48,222.27,222.44
1582986840,ETHUSD,1,222.44,222.44,222.3,222.3
1582986900,ETHUSD,1,222.3,222.59,222.28,222.59
1582986960,ETHUSD,1,222.59,222.59,222.5,222.59
1582987020,ETHUSD,1,222.59,222.59,222.37,222.52
1582987080,ETHUSD,1,222.52,222.55,222.21,222.21
1582987140,ETHUSD,1,222.21,222.21,221.67,221.76
1582987200,ETHUSD,1,221.76,221.84,221.76,221.8
1582987260,ETHUSD,1,221.8,221.93,221.8,221.92
1582987320,ETHUSD,1,221.92,222.05,221.92,222.05
1582987380,ETHUSD,1,222.05,222.3,222.05,222.13
1582987440,ETHUSD,1,222.13,222.31,222.13,222.18
1582987500,ETHUSD,1,222.18,222.49,222.17,222.43
1582987560,ETHUSD,1,222.43,222.68,222.41,222.41
1582987620,ETHUSD,1,222.41,222.41,221.67,221.72
1582987680,ETHUSD,1,221.72,221.99,221.71,221.74
1582987740,ETHUSD,1,221.74,221.76,221.66,221.67
1582987800,ETHUSD,1,221.67,221.74,221.67,221.74
1582987860,ETHUSD,1,221.74,222.17,221.73,222.09
1582987920,ETHUSD,1,222.09,222.85,222.09,222.85
1582987980,ETHUSD,1,222.85,222.85,222.72,222.79
1582988040,ETHUSD,1,222.79,223.54,222.69,223.54
1582988100,ETHUSD,1,223.54,223.54,223.24,223.48
1582988160,ETHUSD,1,223.48,223.55,223.2,223.2
1582988220,ETHUSD,1,223.2,223.26,223.1,223.25
1582988280,ETHUSD,1,223.25,223.28,223.11,223.12
1582988340,ETHUSD,1,223.12,223.29,223.1,223.29
1582988400,ETHUSD,1,223.29,223.3,222.97,223.07
1582988460,ETHUSD,1,223.07,223.07,222.89,222.89
1582988520,ETHUSD,1,222.89,222.94,222.65,222.94
1582988580,ETHUSD,1,222.94,223.26,222.94,223.12
1582988640,ETHUSD,1,223.12,223.12,222.59,222.64
1582988700,ETHUSD,1,222.64,222.64,222.4,222.4
1582988760,ETHUSD,1,222.4,222.44,222.38,222.38
1582988820,ETHUSD,1,222.38,222.38,222.0,222.07
1582988880,ETHUSD,1,222.07,222.15,221.84,221.89
1582988940,ETHUSD,1,221.89,222.14,221.89,222.11
1582989000,ETHUSD,1,222.11,222.11,221.91,221.91
1582989060,ETHUSD,1,221.91,222.04,221.91,222.04
1582989120,ETHUSD,1,222.04,222.17,222.0,222.0
1582989180,ETHUSD,1,222.0,222.48,222.0,222.48
1582989240,ETHUSD,1,222.48,222.79,222.42,222.47
1582989300,ETHUSD,1,222.47,222.57,222.45,222.54
1582989360,ETHUSD,1,222.54,222.77,222.54,222.6
1582989420,ETHUSD,1,222.6,222.6,222.54,222.59
1582989480,ETHUSD,1,222.59,222.59,222.36,222.36
1582989540,ETHUSD,1,222.36,222.49,222.31,222.49
1582989600,ETHUSD,1,222.49,222.49,222.31,222.48
1582989660,ETHUSD,1,222.48,222.93,222.48,222.93
1582989720,ETHUSD,1,222.93,223.57,222.93,223.56
1582989780,ETHUSD,1,223.56,223.82,223.43,223.48
1582989840,ETHUSD,1,223.48,223.89,223.45,223.89
1582989900,ETHUSD,1,223.89,224.06,223.67,223.68
1582989960,ETHUSD,1,223.68,224.06,223.66,224.06
1582990020,ETHUSD,1,224.06,224.95,224.03,224.77
1582990080,ETHUSD,1,224.77,225.02,224.58,224.75
1582990140,ETHUSD,1,224.75,224.85,224.43,224.59
1582990200,ETHUSD,1,224.59,224.85,224.57,224.85
1582990260,ETHUSD,1,224.85,224.85,224.38,224.54
1582990320,ETHUSD,1,224.54,224.54,224.27,224.43
1582990380,ETHUSD,1,224.43,224.69,224.43,224.69
1582990440,ETHUSD,1,224.69,224.69,224.2,224.21
1582990500,ETHUSD,1,224.21,224.22,224.21,224.22
1582990560,ETHUSD,1,224.22,224.51,224.2,224.51
1582990620,ETHUSD,1,224.51,224.57,224.35,224.36
1582990680,ETHUSD,1,224.36,224.36,224.01,224.15
1582990740,ETHUSD,1,224.15,224.23,224.15,224.18
1582990800,ETHUSD,1,224.18,224.18,223.97,224.02
1582990860,ETHUSD,1,224.02,224.13,223.77,223.77
1582990920,ETHUSD,1,223.77,224.02,223.76,223.98
1582990980,ETHUSD,1,223.98,224.5,223.98,224.45
1582991040,ETHUSD,1,224.45,224.56,224.35,224.53
1582991100,ETHUSD,1,224.53,225.12,224.52,225.12
1582991160,ETHUSD,1,225.12,225.2,225.03,225.2
1582991220,ETHUSD,1,225.2,225.3,225.16,225.3
1582991280,ETHUSD,1,225.3,225.57,225.29,225.57
1582991340,ETHUSD,1,225.57,225.57,225.42,225.55
1582991400,ETHUSD,1,225.55,225.58,225.52,225.54
1582991460,ETHUSD,1,225.54,225.54,225.18,225.18
1582991520,ETHUSD,1,225.18,225.49,225.13,225.49
1582991580,ETHUSD,1,225.49,225.51,225.29,225.48
1582991640,ETHUSD,1,225.48,225.6,225.37,225.6
1582991700,ETHUSD,1,225.6,225.73,225.48,225.57
1582991760,ETHUSD,1,225.57,225.65,225.56,225.64
1582991820,ETHUSD,1,225.64,225.72,225.64,225.64
1582991880,ETHUSD,1,225.64,225.66,224.99,224.99
1582991940,ETHUSD,1,224.99,225.18,224.22,224.22
1582992000,ETHUSD,1,224.22,224.69,224.22,224.47
1582992060,ETHUSD,1,224.47,224.47,224.18,224.4
1582992120,ETHUSD,1,224.4,224.4,224.01,224.01
1582992180,ETHUSD,1,224.01,224.01,223.15,223.17
1582992240,ETHUSD,1,223.17,223.87,223.17,223.87
1582992300,ETHUSD,1,223.87,223.89,223.77,223.77
1582992360,ETHUSD,1,223.77,223.95,223.77,223.91
1582992420,ETHUSD,1,223.91,224.01,223.8,223.8
1582992480,ETHUSD,1,223.8,224.2,223.68,224.19
1582992540,ETHUSD,1,224.19,224.19,224.02,224.04
1582992600,ETHUSD,1,224.04,224.06,223.88,223.97
1582992660,ETHUSD,1,223.97,224.32,223.93,224.28
1582992720,ETHUSD,1,224.28,224.54,224.24,224.24
1582992780,ETHUSD,1,224.24,224.32,224.12,224.24
1582992840,ETHUSD,1,224.24,224.31,224.16,224.27
1582992900,ETHUSD,1,224.27,224.9,224.16,224.89
1582992960,ETHUSD,1,224.89,225.11,224.87,225.11
1582993020,ETHUSD,1,225.11,225.49,225.11,225.2
1582993080,ETHUSD,1,225.2,225.27,225.08,225.23
1582993140,ETHUSD,1,225.23,225.24,225.22,225.23
1582993200,ETHUSD,1,225.23,225.44,225.02,225.32
1582993260,ETHUSD,1,225.32,225.77,225.31,225.76
1582993320,ETHUSD,1,225.76,225.78,225.55,225.57
1582993380,ETHUSD,1,225.57,225.57,225.01,225.06
1582993440,ETHUSD,1,225.06,225.22,224.9,224.9
1582993500,ETHUSD,1,224.9,224.9,224.53,224.54
1582993560,ETHUSD,1,224.54,224.63,224.49,224.61
1582993620,ETHUSD,1,224.61,224.72,224.59,224.72
1582993680,ETHUSD,1,224.72,224.72,224.59,224.71
1582993740,ETHUSD,1,224.71,224.71,224.53,224.55
1582993800,ETHUSD,1,224.55,224.55,223.97,223.97
1582993860,ETHUSD,1,223.97,224.42,223.97,224.27
1582993920,ETHUSD,1,224.27,224.29,224.12,224.29
1582993980,ETHUSD,1,224.29,224.32,224.04,224.04
1582994040,ETHUSD,1,224.04,224.05,223.56,223.56
1582994100,ETHUSD,1,223.56,223.6,223.52,223.52
1582994160,ETHUSD,1,223.52,223.79,223.52,223.58
1582994220,ETHUSD,1,223.58,223.67,223.44,223.56
1582994280,ETHUSD,1,223.56,223.56,223.2,223.2
1582994340,ETHUSD,1,223.2,223.38,223.14,223.26
1582994400,ETHUSD,1,223.26,223.46,223.26,223.34
1582994460,ETHUSD,1,223.34,223.34,223.0,223.11
1582994520,ETHUSD,1,223.11,223.35,223.11,223.28
1582994580,ETHUSD,1,223.28,223.45,223.25,223.44
1582994640,ETHUSD,1,223.44,223.45,223.34,223.35
1582994700,ETHUSD,1,223.35,223.46,223.21,223.23
1582994760,ETHUSD,1,223.23,223.23,223.09,223.13
1582994820,ETHUSD,1,223.13,223.2,223.06,223.14
1582994880,ETHUSD,1,223.14,223.39,223.14,223.37
1582994940,ETHUSD,1,223.37,223.49,223.32,223.38
1582995000,ETHUSD,1,223.38,223.49,223.35,223.46
1582995060,ETHUSD,1,223.46,223.49,223.36,223.36
1582995120,ETHUSD,1,223.36,223.44,223.34,223.36
1582995180,ETHUSD,1,223.36,223.36,223.12,223.13
1582995240,ETHUSD,1,223.13,223.13,222.87,222.87
1582995300,ETHUSD,1,222.87,222.92,222.84,222.86
1582995360,ETHUSD,1,222.86,222.91,222.73,222.9
1582995420,ETHUSD,1,222.9,222.9,222.49,222.88
1582995480,ETHUSD,1,222.88,223.06,222.82,222.82
1582995540,ETHUSD,1,222.82,222.88,222.75,222.8
1582995600,ETHUSD,1,222.8,222.8,222.5,222.5
1582995660,ETHUSD,1,222.5,222.81,222.5,222.78
1582995720,ETHUSD,1,222.78,222.78,222.63,222.68
1582995780,ETHUSD,1,222.68,222.68,222.48,222.48
1582995840,ETHUSD,1,222.48,222.86,222.39,222.86
1582995900,ETHUSD,1,222.86,223.06,222.86,223.06
1582995960,ETHUSD,1,223.06,223.39,223.03,223.39
1582996020,ETHUSD,1,223.39,223.5,223.07,223.5
1582996080,ETHUSD,1,223.5,223.64,223.41,223.47
1582996140,ETHUSD,1,223.47,223.54,223.3,223.51
1582996200,ETHUSD,1,223.51,223.55,223.42,223.53
1582996260,ETHUSD,1,223.53,224.11,223.53,224.11
1582996320,ETHUSD,1,224.11,224.22,223.96,224.0
1582996380,ETHUSD,1,224.0,224.01,223.81,223.94
1582996440,ETHUSD,1,223.94,224.12,223.93,224.11
1582996500,ETHUSD,1,224.11,224.11,223.84,223.88
1582996560,ETHUSD,1,223.88,223.89,223.67,223.73
1582996620,ETHUSD,1,223.73,223.73,223.35,223.35
1582996680,ETHUSD,1,223.35,223.59,223.29,223.56
1582996740,ETHUSD,1,223.56,224.0,223.51,223.79
1582996800,ETHUSD,1,223.79,224.02,223.79,224.0
1582996860,ETHUSD,1,224.0,224.36,223.99,224.35
1582996920,ETHUSD,1,224.35,224.51,224.33,224.51
1582996980,ETHUSD,1,224.51,224.82,224.51,224.67
1582997040,ETHUSD,1,224.67,224.79,224.49,224.49
1582997100,ETHUSD,1,224.49,224.55,224.31,224.31
1582997160,ETHUSD,1,224.31,224.47,224.3,224.36
1582997220,ETHUSD,1,224.36,224.6,224.34,224.5
1582997280,ETHUSD,1,224.5,224.86,224.5,224.86
1582997340,ETHUSD,1,224.86,224.89,224.62,224.65
1582997400,ETHUSD,1,224.65,224.65,224.47,224.47
1582997460,ETHUSD,1,224.47,224.63,224.37,224.37
1582997520,ETHUSD,1,224.37,224.47,224.22,224.22
1582997580,ETHUSD,1,224.22,224.3,224.2,224.25
1582997640,ETHUSD,1,224.25,224.59,224.21,224.59
1582997700,ETHUSD,1,224.59,224.61,224.31,224.31
1582997760,ETHUSD,1,224.31,224.47,224.27,224.47
1582997820,ETHUSD,1,224.47,224.66,224.35,224.66
1582997880,ETHUSD,1,224.66,224.91,224.66,224.72
1582997940,ETHUSD,1,224.72,224.77,224.65,224.77
1582998000,ETHUSD,1,224.77,224.84,224.62,224.84
1582998060,ETHUSD,1,224.84,224.85,224.8,224.83
1582998120,ETHUSD,1,224.83,224.83,224.63,224.73
1582998180,ETHUSD,1,224.73,224.87,224.7,224.87
1582998240,ETHUSD,1,224.87,224.97,224.87,224.94
1582998300,ETHUSD,1,224.94,225.18,224.92,225.08
1582998360,ETHUSD,1,225.08,225.11,224.78,224.88
1582998420,ETHUSD,1,224.88,225.0,224.88,224.97
1582998480,ETHUSD,1,224.97,224.97,224.9,224.93
1582998540,ETHUSD,1,224.93,225.02,224.93,224.98
1582998600,ETHUSD,1,224.98,224.98,224.73,224.77
1582998660,ETHUSD,1,224.77,224.86,224.77,224.86
1582998720,ETHUSD,1,224.86,225.33,224.86,225.25
1582998780,ETHUSD,1,225.25,225.34,225.23,225.29
1582998840,ETHUSD,1,225.29,225.3,225.0,225.0
1582998900,ETHUSD,1,225.0,225.31,224.91,225.31
1582998960,ETHUSD,1,225.31,225.37,225.27,225.36
1582999020,ETHUSD,1,225.36,225.37,225.19,225.31
1582999080,ETHUSD,1,225.31,225.47,225.28,225.47
1582999140,ETHUSD,1,225.47,225.48,225.45,225.48
1582999200,ETHUSD,1,225.48,225.48,225.28,225.37
1582999260,ETHUSD,1,225.37,225.37,225.35,225.37
1582999320,ETHUSD,1,225.37,225.46,225.37,225.46
1582999380,ETHUSD,1,225.46,225.66,225.46,225.57
1582999440,ETHUSD,1,225.57,225.57,225.41,225.48
1582999500,ETHUSD,1,225.48,225.48,225.04,225.11
1582999560,ETHUSD,1,225.11,225.11,224.83,224.9
1582999620,ETHUSD,1,224.9,224.95,224.82,224.95
1582999680,ETHUSD,1,224.95,224.96,224.83,224.84
1582999740,ETHUSD,1,224.84,224.84,224.65,224.71
1582999800,ETHUSD,1,224.71,224.71,224.65,224.65
1582999860,ETHUSD,1,224.65,224.69,224.64,224.65
1582999920,ETHUSD,1,224.65,224.72,224.65,224.68
1582999980,ETHUSD,1,224.68,224.76,224.62,224.76
1583000040,ETHUSD,1,224.76,224.89,224.76,224.89
1583000100,ETHUSD,1,224.89,225.13,224.89,225.06
1583000160,ETHUSD,1,225.06,225.27,225.06,225.1
1583000220,ETHUSD,1,225.1,225.38,225.09,225.32
1583000280,ETHUSD,1,225.32,225.58,225.32,225.53
1583000340,ETHUSD,1,225.53,225.53,225.46,225.46
1583000400,ETHUSD,1,225.46,225.46,225.3,225.3
1583000460,ETHUSD,1,225.3,225.3,225.12,225.22
1583000520,ETHUSD,1,225.22,225.64,225.22,225.64
1583000580,ETHUSD,1,225.64,225.71,225.4,225.51
1583000640,ETHUSD,1,225.51,225.92,225.51,225.92
1583000700,ETHUSD,1,225.92,225.97,225.82,225.96
1583000760,ETHUSD,1,225.96,225.96,225.65,225.68
1583000820,ETHUSD,1,225.68,225.69,225.62,225.64
1583000880,ETHUSD,1,225.64,225.66,225.62,225.66
1583000940,ETHUSD,1,225.66,225.88,225.64,225.87
1583001000,ETHUSD,1,225.87,225.94,225.79,225.79
1583001060,ETHUSD,1,225.79,225.8,225.71,225.74
1583001120,ETHUSD,1,225.74,225.75,225.64,225.7
1583001180,ETHUSD,1,225.7,225.8,225.7,225.8
1583001240,ETHUSD,1,225.8,225.85,225.8,225.85
1583001300,ETHUSD,1,225.85,225.85,225.71,225.74
1583001360,ETHUSD,1,225.74,225.74,225.66,225.68
1583001420,ETHUSD,1,225.68,225.68,225.63,225.63
1583001480,ETHUSD,1,225.63,225.63,225.3,225.3
1583001540,ETHUSD,1,225.3,225.49,225.29,225.49
1583001600,ETHUSD,1,225.49,225.51,225.4,225.4
1583001660,ETHUSD,1,225.4,225.4,225.08,225.08
1583001720,ETHUSD,1,225.08,225.26,225.03,225.19
1583001780,ETHUSD,1,225.19,225.19,225.01,225.07
1583001840,ETHUSD,1,225.07,225.21,225.06,225.06
1583001900,ETHUSD,1,225.06,225.06,224.87,224.87
1583001960,ETHUSD,1,224.87,224.99,224.77,224.98
1583002020,ETHUSD,1,224.98,225.21,224.91,225.21
1583002080,ETHUSD,1,225.21,225.42,225.21,225.38
1583002140,ETHUSD,1,225.38,225.41,225.37,225.37
1583002200,ETHUSD,1,225.37,225.37,225.21,225.27
1583002260,ETHUSD,1,225.27,225.31,225.19,225.21
1583002320,ETHUSD,1,225.21,225.27,225.15,225.18
1583002380,ETHUSD,1,225.18,225.21,225.15,225.15
1583002440,ETHUSD,1,225.15,225.26,225.11,225.13
1583002500,ETHUSD,1,225.13,225.32,225.13,225.32
1583002560,ETHUSD,1,225.32,225.32,225.23,225.24
1583002620,ETHUSD,1,225.24,225.24,225.07,225.1
1583002680,ETHUSD,1,225.1,225.11,225.09,225.11
1583002740,ETHUSD,1,225.11,225.12,225.09,225.11
1583002800,ETHUSD,1,225.11,225.11,224.73,224.77
1583002860,ETHUSD,1,224.77,224.77,224.66,224.68
1583002920,ETHUSD,1,224.68,224.68,224.53,224.66
1583002980,ETHUSD,1,224.66,224.66,224.46,224.47
1583003040,ETHUSD,1,224.47,224.47,224.31,224.31
1583003100,ETHUSD,1,224.31,224.45,224.24,224.39
1583003160,ETHUSD,1,224.39,224.51,224.27,224.3
1583003220,ETHUSD,1,224.3,224.31,224.24,224.31
1583003280,ETHUSD,1,224.31,224.48,224.26,224.48
1583003340,ETHUSD,1,224.48,224.48,224.27,224.27
1583003400,ETHUSD,1,224.27,224.37,224.22,224.25
1583003460,ETHUSD,1,224.25,224.36,224.25,224.33
1583003520,ETHUSD,1,224.33,224.41,224.3,224.38
1583003580,ETHUSD,1,224.38,224.51,224.38,224.5
1583003640,ETHUSD,1,224.5,224.5,224.37,224.37
1583003700,ETHUSD,1,224.37,224.37,224.2,224.2
1583003760,ETHUSD,1,224.2,224.44,224.2,224.39
1583003820,ETHUSD,1,224.39,224.43,224.36,224.43
1583003880,ETHUSD,1,224.43,224.47,224.38,224.46
1583003940,ETHUSD,1,224.46,224.46,224.34,224.36
1583004000,ETHUSD,1,224.36,224.45,224.35,224.43
1583004060,ETHUSD,1,224.43,224.52,224.38,224.52
1583004120,ETHUSD,1,224.52,224.68,224.52,224.56
1583004180,ETHUSD,1,224.56,224.56,224.52,224.53
1583004240,ETHUSD,1,224.53,224.71,224.53,224.68
1583004300,ETHUSD,1,224.68,224.72,224.55,224.62
1583004360,ETHUSD,1,224.62,224.62,224.58,224.61
1583004420,ETHUSD,1,224.61,224.61,224.19,224.19
1583004480,ETHUSD,1,224.19,224.21,224.0,224.06
1583004540,ETHUSD,1,224.06,224.28,224.06,224.16
1583004600,ETHUSD,1,224.16,224.23,224.08,224.22
1583004660,ETHUSD,1,224.22,224.27,224.15,224.17
1583004720,ETHUSD,1,224.17,224.24,224.17,224.23
1583004780,ETHUSD,1,224.23,224.24,224.2,224.24
1583004840,ETHUSD,1,224.24,224.34,224.24,224.33
1583004900,ETHUSD,1,224.33,224.43,224.3,224.3
1583004960,ETHUSD,1,224.3,224.41,224.3,224.41
1583005020,ETHUSD,1,224.41,224.55,224.41,224.45
1583005080,ETHUSD,1,224.45,224.45,224.39,224.4
1583005140,ETHUSD,1,224.4,224.55,224.4,224.55
1583005200,ETHUSD,1,224.55,225.16,224.55,225.16
1583005260,ETHUSD,1,225.16,225.21,225.13,225.15
1583005320,ETHUSD,1,225.15,225.41,225.15,225.23
1583005380,ETHUSD,1,225.23,225.35,225.18,225.32
1583005440,ETHUSD,1,225.32,225.42,225.32,225.42
1583005500,ETHUSD,1,225.42,225.52,225.41,225.52
1583005560,ETHUSD,1,225.52,225.54,225.43,225.45
1583005620,ETHUSD,1,225.45,225.5,225.38,225.47
1583005680,ETHUSD,1,225.47,225.47,225.35,225.35
1583005740,ETHUSD,1,225.35,225.4,225.34,225.4
1583005800,ETHUSD,1,225.4,225.75,225.4,225.75
1583005860,ETHUSD,1,225.75,225.81,225.75,225.8
1583005920,ETHUSD,1,225.8,225.89,225.8,225.89
1583005980,ETHUSD,1,225.89,225.89,225.8,225.8
1583006040,ETHUSD,1,225.8,225.8,225.67,225.73
1583006100,ETHUSD,1,225.73,225.77,225.54,225.54
1583006160,ETHUSD,1,225.54,225.56,225.49,225.51
1583006220,ETHUSD,1,225.51,225.53,225.27,225.27
1583006280,ETHUSD,1,225.27,225.33,225.27,225.28
1583006340,ETHUSD,1,225.28,225.43,225.28,225.37
1583006400,ETHUSD,1,225.37,225.37,225.06,225.06
1583006460,ETHUSD,1,225.06,225.17,225.02,225.14
1583006520,ETHUSD,1,225.14,225.14,225.06,225.1
1583006580,ETHUSD,1,225.1,225.1,225.01,225.01
1583006640,ETHUSD,1,225.01,225.03,225.0,225.0
1583006700,ETHUSD,1,225.0,225.0,224.97,224.99
1583006760,ETHUSD,1,224.99,224.99,224.94,224.94
1583006820,ETHUSD,1,224.94,224.94,224.88,224.92
1583006880,ETHUSD,1,224.92,224.92,224.84,224.84
1583006940,ETHUSD,1,224.84,224.84,224.77,224.77
1583007000,ETHUSD,1,224.77,224.92,224.71,224.92
1583007060,ETHUSD,1,224.92,224.92,224.5,224.78
1583007120,ETHUSD,1,224.78,225.02,224.49,224.91
1583007180,ETHUSD,1,224.91,225.09,224.91,225.07
1583007240,ETHUSD,1,225.07,225.09,224.91,224.91
1583007300,ETHUSD,1,224.91,224.91,224.73,224.73
1583007360,ETHUSD,1,224.73,224.73,224.34,224.4
1583007420,ETHUSD,1,224.4,224.4,224.12,224.12
1583007480,ETHUSD,1,224.12,224.12,223.81,223.94
1583007540,ETHUSD,1,223.94,223.98,223.81,223.85
1583007600,ETHUSD,1,223.85,223.85,223.79,223.82
1583007660,ETHUSD,1,223.82,223.9,223.8,223.9
1583007720,ETHUSD,1,223.9,223.97,223.9,223.97
1583007780,ETHUSD,1,223.97,223.97,223.86,223.86
1583007840,ETHUSD,1,223.86,223.86,223.78,223.78
1583007900,ETHUSD,1,223.78,223.88,223.7,223.79
1583007960,ETHUSD,1,223.79,223.79,223.61,223.65
1583008020,ETHUSD,1,223.65,223.85,223.65,223.77
1583008080,ETHUSD,1,223.77,223.83,223.71,223.72
1583008140,ETHUSD,1,223.72,223.75,223.64,223.64
1583008200,ETHUSD,1,223.64,223.68,223.52,223.68
1583008260,ETHUSD,1,223.68,223.96,223.68,223.96
1583008320,ETHUSD,1,223.96,223.99,223.94,223.99
1583008380,ETHUSD,1,223.99,224.0,223.99,224.0
1583008440,ETHUSD,1,224.0,224.02,223.99,224.01
1583008500,ETHUSD,1,224.01,224.07,223.98,224.07
1583008560,ETHUSD,1,224.07,224.13,224.07,224.09
1583008620,ETHUSD,1,224.09,224.11,224.0,224.08
1583008680,ETHUSD,1,224.08,224.12,224.0,224.12
1583008740,ETHUSD,1,224.12,224.12,223.99,224.09
1583008800,ETHUSD,1,224.09,224.17,224.02,224.02
1583008860,ETHUSD,1,224.02,224.08,223.97,224.02
1583008920,ETHUSD,1,224.02,224.04,223.99,223.99
1583008980,ETHUSD,1,223.99,224.13,223.98,224.13
1583009040,ETHUSD,1,224.13,224.15,224.11,224.12
1583009100,ETHUSD,1,224.12,224.12,224.08,224.09
1583009160,ETHUSD,1,224.09,224.15,224.0,224.03
1583009220,ETHUSD,1,224.03,224.05,224.0,224.03
1583009280,ETHUSD,1,224.03,224.08,224.0,224.0
1583009340,ETHUSD,1,224.0,224.1,223.94,223.96
1583009400,ETHUSD,1,223.96,224.02,223.94,224.02
1583009460,ETHUSD,1,224.02,224.06,223.98,224.06
1583009520,ETHUSD,1,224.06,224.06,224.06,224.06
1583009580,ETHUSD,1,224.06,224.45,224.06,224.45
1583009640,ETHUSD,1,224.45,224.56,224.45,224.56
1583009700,ETHUSD,1,224.56,224.9,224.56,224.9
1583009760,ETHUSD,1,224.9,225.14,224.9,225.03
1583009820,ETHUSD,1,225.03,225.05,225.0,225.04
1583009880,ETHUSD,1,225.04,225.04,224.78,224.78
1583009940,ETHUSD,1,224.78,224.87,224.76,224.78
1583010000,ETHUSD,1,224.78,224.88,224.75,224.75
1583010060,ETHUSD,1,224.75,224.75,224.65,224.65
1583010120,ETHUSD,1,224.65,224.98,224.63,224.85
1583010180,ETHUSD,1,224.85,225.0,224.85,224.86
1583010240,ETHUSD,1,224.86,224.97,224.79,224.97
1583010300,ETHUSD,1,224.97,224.98,224.97,224.98
1583010360,ETHUSD,1,224.98,225.0,224.86,224.9
1583010420,ETHUSD,1,224.9,224.9,224.76,224.84
1583010480,ETHUSD,1,224.84,224.94,224.83,224.94
1583010540,ETHUSD,1,224.94,224.94,224.78,224.82
1583010600,ETHUSD,1,224.82,224.82,224.71,224.71
1583010660,ETHUSD,1,224.71,224.86,224.66,224.66
1583010720,ETHUSD,1,224.66,224.72,224.56,224.72
1583010780,ETHUSD,1,224.72,224.76,224.57,224.57
1583010840,ETHUSD,1,224.57,224.65,224.49,224.65
1583010900,ETHUSD,1,224.65,224.65,224.38,224.44
1583010960,ETHUSD,1,224.44,224.47,224.41,224.44
1583011020,ETHUSD,1,224.44,224.44,224.31,224.35
1583011080,ETHUSD,1,224.35,224.35,224.01,224.01
1583011140,ETHUSD,1,224.01,224.02,223.39,223.79
1583011200,ETHUSD,1,223.79,223.79,223.09,223.11
1583011260,ETHUSD,1,223.11,223.21,223.1,223.18
1583011320,ETHUSD,1,223.18,223.22,223.1,223.22
1583011380,ETHUSD,1,223.22,223.54,223.17,223.52
1583011440,ETHUSD,1,223.52,223.56,223.51,223.56
1583011500,ETHUSD,1,223.56,223.56,223.36,223.43
1583011560,ETHUSD,1,223.43,223.56,223.15,223.29
1583011620,ETHUSD,1,223.29,223.34,223.17,223.34
1583011680,ETHUSD,1,223.34,223.34,223.24,223.25
1583011740,ETHUSD,1,223.25,223.26,223.25,223.25
1583011800,ETHUSD,1,223.25,223.25,223.17,223.17
1583011860,ETHUSD,1,223.17,223.17,223.1,223.1
1583011920,ETHUSD,1,223.1,223.35,223.09,223.35
1583011980,ETHUSD,1,223.35,223.35,223.27,223.28
1583012040,ETHUSD,1,223.28,223.39,223.28,223.39
1583012100,ETHUSD,1,223.39,223.51,223.39,223.48
1583012160,ETHUSD,1,223.48,223.56,223.48,223.53
1583012220,ETHUSD,1,223.53,223.7,223.53,223.7
1583012280,ETHUSD,1,223.7,223.79,223.7,223.74
1583012340,ETHUSD,1,223.74,223.8,223.59,223.59
1583012400,ETHUSD,1,223.59,223.69,223.59,223.65
1583012460,ETHUSD,1,223.65,223.65,223.4,223.42
1583012520,ETHUSD,1,223.42,223.43,223.42,223.43
1583012580,ETHUSD,1,223.43,223.5,223.43,223.47
1583012640,ETHUSD,1,223.47,223.48,223.47,223.47
1583012700,ETHUSD,1,223.47,223.58,223.47,223.58
1583012760,ETHUSD,1,223.58,223.6,223.53,223.55
1583012820,ETHUSD,1,223.55,223.55,223.21,223.22
1583012880,ETHUSD,1,223.22,223.26,223.22,223.22
1583012940,ETHUSD,1,223.22,223.29,223.2,223.23
1583013000,ETHUSD,1,223.23,223.33,223.23,223.25
1583013060,ETHUSD,1,223.25,223.25,223.03,223.03
1583013120,ETHUSD,1,223.03,223.03,222.84,222.95
1583013180,ETHUSD,1,222.95,223.09,222.95,223.09
1583013240,ETHUSD,1,223.09,223.24,223.09,223.24
1583013300,ETHUSD,1,223.24,223.27,223.24,223.26
1583013360,ETHUSD,1,223.26,223.28,223.26,223.27
1583013420,ETHUSD,1,223.27,223.33,223.25,223.33
1583013480,ETHUSD,1,223.33,223.34,223.31,223.31
1583013540,ETHUSD,1,223.31,223.51,223.31,223.51
1583013600,ETHUSD,1,223.51,223.57,223.51,223.57
1583013660,ETHUSD,1,223.57,223.57,223.37,223.39
1583013720,ETHUSD,1,223.39,223.45,223.27,223.38
1583013780,ETHUSD,1,223.38,223.4,223.34,223.34
1583013840,ETHUSD,1,223.34,223.48,223.34,223.4
1583013900,ETHUSD,1,223.4,223.41,223.33,223.33
1583013960,ETHUSD,1,223.33,223.34,223.32,223.32
1583014020,ETHUSD,1,223.32,223.32,223.14,223.14
1583014080,ETHUSD,1,223.14,223.22,223.13,223.21
1583014140,ETHUSD,1,223.21,223.21,223.09,223.11
1583014200,ETHUSD,1,223.11,223.11,223.09,223.11
1583014260,ETHUSD,1,223.11,223.11,223.04,223.05
1583014320,ETHUSD,1,223.05,223.06,223.01,223.01
1583014380,ETHUSD,1,223.01,223.01,222.93,222.96
1583014440,ETHUSD,1,222.96,222.97,222.85,222.85
1583014500,ETHUSD,1,222.85,222.87,222.84,222.85
1583014560,ETHUSD,1,222.85,222.9,222.79,222.82
1583014620,ETHUSD,1,222.82,222.83,222.82,222.83
1583014680,ETHUSD,1,222.83,222.83,222.65,222.65
1583014740,ETHUSD,1,222.65,222.65,222.37,222.45
1583014800,ETHUSD,1,222.45,222.62,222.41,222.62
1583014860,ETHUSD,1,222.62,222.8,222.62,222.75
1583014920,ETHUSD,1,222.75,222.75,222.54,222.59
1583014980,ETHUSD,1,222.59,222.6,222.45,222.45
1583015040,ETHUSD,1,222.45,222.46,222.38,222.38
1583015100,ETHUSD,1,222.38,222.4,222.27,222.4
1583015160,ETHUSD,1,222.4,222.54,222.39,222.54
1583015220,ETHUSD,1,222.54,222.56,222.5,222.55
1583015280,ETHUSD,1,222.55,222.57,222.28,222.42
1583015340,ETHUSD,1,222.42,222.46,222.33,222.33
1583015400,ETHUSD,1,222.33,222.33,222.18,222.26
1583015460,ETHUSD,1,222.26,222.46,222.24,222.44
1583015520,ETHUSD,1,222.44,222.65,222.44,222.51
1583015580,ETHUSD,1,222.51,222.57,222.45,222.5
1583015640,ETHUSD,1,222.5,222.51,222.43,222.48
1583015700,ETHUSD,1,222.48,222.53,222.48,222.51
1583015760,ETHUSD,1,222.51,222.59,222.51,222.58
1583015820,ETHUSD,1,222.58,222.62,222.57,222.62
1583015880,ETHUSD,1,222.62,222.69,222.61,222.69
1583015940,ETHUSD,1,222.69,222.74,222.69,222.74
1583016000,ETHUSD,1,222.74,222.75,222.73,222.74
1583016060,ETHUSD,1,222.74,222.75,222.73,222.74
1583016120,ETHUSD,1,222.74,222.75,222.74,222.74
1583016180,ETHUSD,1,222.74,222.83,222.74,222.83
1583016240,ETHUSD,1,222.83,222.85,222.82,222.84
1583016300,ETHUSD,1,222.84,222.91,222.84,222.91
1583016360,ETHUSD,1,222.91,222.91,222.59,222.59
1583016420,ETHUSD,1,222.59,222.6,222.52,222.52
1583016480,ETHUSD,1,222.52,222.53,222.39,222.46
1583016540,ETHUSD,1,222.46,222.6,222.3,222.6
1583016600,ETHUSD,1,222.6,223.04,222.5,222.99
1583016660,ETHUSD,1,222.99,222.99,222.93,222.93
1583016720,ETHUSD,1,222.93,222.93,222.91,222.92
1583016780,ETHUSD,1,222.92,222.93,222.76,222.89
1583016840,ETHUSD,1,222.89,223.06,222.89,223.05
1583016900,ETHUSD,1,223.05,223.05,222.8,222.8
1583016960,ETHUSD,1,222.8,222.8,222.77,222.77
1583017020,ETHUSD,1,222.77,222.96,222.76,222.95
1583017080,ETHUSD,1,222.95,223.01,222.95,223.01
1583017140,ETHUSD,1,223.01,223.28,223.01,223.28
1583017200,ETHUSD,1,223.28,223.33,223.26,223.26
1583017260,ETHUSD,1,223.26,223.26,223.13,223.13
1583017320,ETHUSD,1,223.13,223.21,223.12,223.21
1583017380,ETHUSD,1,223.21,223.24,223.19,223.24
1583017440,ETHUSD,1,223.24,223.53,223.23,223.48
1583017500,ETHUSD,1,223.48,223.5,223.39,223.46
1583017560,ETHUSD,1,223.46,223.48,223.33,223.33
1583017620,ETHUSD,1,223.33,223.38,223.33,223.34
1583017680,ETHUSD,1,223.34,223.41,223.34,223.39
1583017740,ETHUSD,1,223.39,223.43,223.39,223.42
1583017800,ETHUSD,1,223.42,223.43,223.34,223.43
1583017860,ETHUSD,1,223.43,223.43,223.38,223.43
1583017920,ETHUSD,1,223.43,223.43,223.38,223.42
1583017980,ETHUSD,1,223.42,223.42,223.36,223.36
1583018040,ETHUSD,1,223.36,223.36,222.89,222.9
1583018100,ETHUSD,1,222.9,223.08,222.88,223.08
1583018160,ETHUSD,1,223.08,223.12,222.89,222.89
1583018220,ETHUSD,1,222.89,223.05,222.84,223.05
1583018280,ETHUSD,1,223.05,223.05,222.94,222.94
1583018340,ETHUSD,1,222.94,222.99,222.94,222.97
1583018400,ETHUSD,1,222.97,223.17,222.97,223.14
1583018460,ETHUSD,1,223.14,223.15,223.01,223.15
1583018520,ETHUSD,1,223.15,223.19,223.15,223.19
1583018580,ETHUSD,1,223.19,223.2,223.13,223.13
1583018640,ETHUSD,1,223.13,223.18,223.06,223.06
1583018700,ETHUSD,1,223.06,223.06,222.76,222.76
1583018760,ETHUSD,1,222.76,222.78,222.74,222.78
1583018820,ETHUSD,1,222.78,222.78,222.55,222.55
1583018880,ETHUSD,1,222.55,222.61,222.53,222.53
1583018940,ETHUSD,1,222.53,222.54,222.47,222.49
1583019000,ETHUSD,1,222.49,222.53,222.41,222.41
1583019060,ETHUSD,1,222.41,222.42,222.24,222.24
1583019120,ETHUSD,1,222.24,222.24,222.04,222.21
1583019180,ETHUSD,1,222.21,222.22,222.12,222.12
1583019240,ETHUSD,1,222.12,222.12,221.88,221.88
1583019300,ETHUSD,1,221.88,221.99,221.77,221.77
1583019360,ETHUSD,1,221.77,221.77,221.25,221.25
1583019420,ETHUSD,1,221.25,221.25,219.07,220.17
1583019480,ETHUSD,1,220.17,220.17,219.44,219.72
1583019540,ETHUSD,1,219.72,219.82,218.73,219.11
1583019600,ETHUSD,1,219.11,219.51,219.05,219.43
1583019660,ETHUSD,1,219.43,219.76,219.31,219.47
1583019720,ETHUSD,1,219.47,219.61,219.24,219.46
1583019780,ETHUSD,1,219.46,219.46,219.05,219.05
1583019840,ETHUSD,1,219.05,219.21,218.61,219.21
1583019900,ETHUSD,1,219.21,219.69,219.16,219.53
1583019960,ETHUSD,1,219.53,219.61,219.45,219.61
1583020020,ETHUSD,1,219.61,219.88,219.6,219.6
1583020080,ETHUSD,1,219.6,219.61,218.81,218.81
1583020140,ETHUSD,1,218.81,218.81,218.03,218.03
1583020200,ETHUSD,1,218.03,218.1,217.69,217.98
1583020260,ETHUSD,1,217.98,218.39,217.84,218.39
1583020320,ETHUSD,1,218.39,218.79,218.33,218.65
1583020380,ETHUSD,1,218.65,219.37,218.65,219.37
1583020440,ETHUSD,1,219.37,219.37,218.6,218.6
1583020500,ETHUSD,1,218.6,218.7,218.48,218.49
1583020560,ETHUSD,1,218.49,218.49,218.22,218.32
1583020620,ETHUSD,1,218.32,218.32,217.98,217.99
1583020680,ETHUSD,1,217.99,218.23,217.93,217.93
1583020740,ETHUSD,1,217.93,217.93,217.1,217.51
